Show,Date,Placement,Artist,Song,Total,Digital,Physical,Pre-vote,SNS,Broadcast
Show Champion,12-14-2022,1.0,Red Velvet,Birthday,"3,936",,,,,
Show Champion,12-07-2022,1.0,Red Velvet,Birthday,"6,022",,,,,
Show Champion,11-30-2022,1.0,TEMPEST,Dragon,"7,549",,,,,
Show Champion,11-23-2022,1.0,Verivery,Tap Tap,"4,858",,,,,
Show Champion,11-16-2022,1.0,Highlight,Alone,"5,958",,,,,
Show Champion,11-09-2022,1.0,(G)I-DLE,Nxde,"5,435",,,,,
Show Champion,10-26-2022,1.0,(G)I-DLE,Nxde,"8,771",,,,,
Show Champion,10-19-2022,1.0,STRAY KIDS,Case 143,"6,308",,,,,
Show Champion,10-12-2022,1.0,STRAY KIDS,Case 143,"6,733",,,,,
Show Champion,10-05-2022,1.0,BLACKPINK,Shut Down,"6,764",,,,,
Show Champion,09-28-2022,1.0,BLACKPINK,Shut Down,"7,022",,,,,
Show Champion,09-21-2022,1.0,BLACKPINK,Shut Down,"5,227",,,,,
Show Champion,09-14-2022,1.0,ONEUS,Same Scent,"7,450",,,,,
Show Champion,09-07-2022,1.0,IVE,After LIKE,"5,458",,,,,
Show Champion,08-31-2022,1.0,IVE,After LIKE,"8,632",,,,,
Show Champion,08-24-2022,1.0,BLACKPINK,Pink Venom,"4,435",,,,,
Show Champion,08-10-2022,1.0,ATEEZ,Guerrilla,"5,894",,,,,
Show Champion,08-03-2022,1.0,ATEEZ,Guerrilla,"6,189",,,,,
Show Champion,07-27-2022,1.0,SEVENTEEN,_WORLD,"6,442",,,,,
Show Champion,07-20-2022,1.0,aespa,Girls,"6,777",,,,,
Show Champion,07-13-2022,1.0,ENHYPEN,Future Perfect (Pass the Mic),"6,263",,,,,
Show Champion,07-06-2022,1.0,fromis_9,Stay That Way,"8,690",,,,,
Show Champion,06-29-2022,1.0,LOONA,Flip That,"5,439",,,,,
Show Champion,06-15-2022,1.0,BTS,Yet to Come,"8,000",,,,,
Show Champion,06-08-2022,1.0,NCT DREAM,Beatbox,"9,810",,,,,
Show Champion,06-01-2022,1.0,LE SSERAFIM,FEARLESS,"5,127",,,,,
Show Champion,05-25-2022,1.0,ASTRO,Candy Sugar Pop,"7,237",,,,,
Show Champion,05-18-2022,1.0,PSY,That That,"4,506",,,,,
Show Champion,05-11-2022,1.0,PSY,That That,"4,514",,,,,
Show Champion,05-04-2022,1.0,MONSTA X,Love,"4,383",,,,,
Show Champion,04-20-2022,1.0,Dreamcatcher,MAISON,"6,545",,,,,
Show Champion,04-13-2022,1.0,IVE,LOVE DIVE,"6,437",,,,,
Show Champion,04-06-2022,1.0,NCT DREAM,Glitch Mode,"5,598",,,,,
Show Champion,03-30-2022,1.0,STRAY KIDS,Maniac,"6,020",,,,,
Show Champion,03-23-2022,1.0,(G)I-DLE,TOMBOY,"6,843",,,,,
Show Champion,03-09-2022,1.0,STAYC,RUN2U,"5,022",,,,,
Show Champion,03-02-2022,1.0,BtoB,The Song,"5,334",,,,,
Show Champion,02-23-2022,1.0,TREASURE,JIKJIN,"5,486",,,,,
Show Champion,02-16-2022,1.0,VIVIZ,BOP BOP!,"7,541",,,,,
Show Champion,01-26-2022,1.0,fromis_9,DM,"7,642",,,,,
Show Champion,01-19-2022,1.0,ENHYPEN,Blessed-Cursed,"7,178",,,,,
Show Champion,12-06-2023,1.0,ATEEZ,Crazy Form,"5,051",649,"1,500","1,902","1,000",0
Show Champion,12-06-2023,2.0,Taeyeon,To. X,"3,762","3,500",157,14,91,0
Show Champion,12-06-2023,3.0,Dreamcatcher,OOTD,"3,260",0,25,"2,000",302,933
Show Champion,12-06-2023,4.0,aespa,Drama,"3,176","3,009",6,7,154,0
Show Champion,12-06-2023,5.0,Red Velvet,Chill Kill,"2,034","1,780",16,200,38,0
Show Champion,11-15-2023,1.0,STRAY KIDS,LA LA LA LA,"5,500","1,121","1,500","2,000",879,0
Show Champion,11-15-2023,2.0,ZEROBASEONE,CRUSH,"5,356",424,"1,416","1,675",774,"1,067"
Show Champion,11-15-2023,3.0,LE SSERAFIM,Perfect Night,"3,716","3,500",0,4,212,0
Show Champion,11-15-2023,4.0,Jung Kook,Standing Next To You,"3,165","2,252",189,207,517,0
Show Champion,11-15-2023,5.0,aespa,Drama,"3,100","1,272",360,68,"1,000",400
Show Champion,11-08-2023,1.0,NiziU,HEARTRIS,"4,149",0,82,"2,000","1,000","1,067"
Show Champion,11-08-2023,2.0,Jung Kook,Standing Next To You,"3,632",527,"1,500",983,622,0
Show Champion,11-08-2023,3.0,IVE,Baddie,"3,622","3,500",6,43,73,0
Show Champion,11-08-2023,4.0,SEVENTEEN,God of Music,"3,366","1,647",82,"1,523",114,0
Show Champion,11-08-2023,5.0,Golden Child,Feel Me,"2,314",57,29,145,83,"2,000"
Show Champion,11-01-2023,1.0,SEVENTEEN,God of Music,"7,061","2,561","1,500","2,000","1,000",0
Show Champion,11-01-2023,2.0,IVE,Baddie,"3,617","3,500",4,53,60,0
Show Champion,11-01-2023,3.0,JENNIE,You & Me,"3,547","3,295",0,41,211,0
Show Champion,11-01-2023,4.0,"Sung Si-Kyung, Naul",Even For A Moment,"2,593","2,577",0,1,15,0
Show Champion,11-01-2023,5.0,Lim Young-woong,Do or Die,"1,846","1,196",0,631,19,0
Show Champion,10-25-2023,1.0,IVE,Baddie,"4,958","2,760","1,500",593,105,0
Show Champion,10-25-2023,2.0,TOMORROW X TOGETHER,Chasing That Feeling,"4,325",571,754,"2,000","1,000",0
Show Champion,10-25-2023,3.0,JENNIE,You & Me,"4,176","3,500",0,352,324,0
Show Champion,10-25-2023,4.0,Lim Young-woong,Do or Die,"2,896","1,219",0,"1,646",31,0
Show Champion,10-25-2023,5.0,"Sung Si-Kyung, Naul",Even For A Moment,"1,720","1,664",0,1,55,0
Show Champion,10-18-2023,1.0,NCT 127,Fact Check,"5,082","1,213","1,146","1,958",765,0
Show Champion,10-18-2023,2.0,JENNIE,You & Me,"4,979","3,500",0,879,600,0
Show Champion,10-18-2023,3.0,TOMORROW X TOGETHER,Chasing That Feeling,"4,071",307,"1,500","1,264","1,000",0
Show Champion,10-18-2023,4.0,Lim Young-woong,Do or Die,"3,445","1,327",0,"2,000",118,0
Show Champion,10-18-2023,5.0,IVE,Baddie,"1,882",706,739,37,400,0
Show Champion,10-11-2023,1.0,NCT 127,Fact Check,"7,059","2,681","1,500","2,000",878,0
Show Champion,10-11-2023,2.0,Jung Kook,3D,"6,339","3,500",0,"1,904",935,0
Show Champion,10-11-2023,3.0,JENNIE,You & Me,"4,383","3,355",0,28,"1,000",0
Show Champion,10-11-2023,4.0,BIGNaughty,Vancouver 2,"2,778","2,766",0,0,12,0
Show Champion,10-11-2023,5.0,EPEX,FULL METAL JACKET,"2,683",0,972,12,632,"1,067"
Show Champion,09-27-2023,1.0,TEMPEST,Vroom Vroom,"5,317",187,"1,063","2,000","1,000","1,067"
Show Champion,09-27-2023,2.0,HWASA,I Love My Body,"5,020","3,500",0,"1,306",214,0
Show Champion,09-27-2023,3.0,EVNNE,TROUBLE,"4,194",0,"1,500",536,158,"2,000"
Show Champion,09-27-2023,4.0,D.O,Somebody,"2,026",924,606,318,178,0
Show Champion,09-27-2023,5.0,RIIZE,Get A Guitar,"1,777","1,560",155,3,59,0
Show Champion,09-20-2023,1.0,V,Slow Dancing,"4,599",378,"1,500","1,958",763,0
Show Champion,09-20-2023,2.0,HWASA,I Love My Body,"4,360","1,406",0,"2,000",954,0
Show Champion,09-20-2023,3.0,AKMU,Love Lee,"3,750","3,500",0,9,241,0
Show Champion,09-20-2023,4.0,Cravity,Ready Or Not,"3,139",214,995,163,834,933
Show Champion,09-20-2023,5.0,KEY,Good & Great,"2,765",205,386,"1,272",902,0
Show Champion,09-13-2023,1.0,BOYNEXTDOOR,But Sometimes,"4,486",191,396,950,949,"2,000"
Show Champion,09-13-2023,2.0,V,Slow Dancing,"4,255",122,"1,500","2,000",633,0
Show Champion,09-13-2023,3.0,AKMU,Love Lee,"3,594","3,500",0,9,85,0
Show Champion,09-13-2023,4.0,RIIZE,Get A Guitar,"3,155",497,896,762,"1,000",0
Show Champion,09-13-2023,5.0,HWASA,I Love My Body,"1,689",564,0,557,568,0
Show Champion,09-06-2023,1.0,NCT U,Baggy Jeans,"4,982",482,"1,500","2,000","1,000",0
Show Champion,09-06-2023,2.0,AKMU,Love Lee,"3,550","3,500",0,7,43,0
Show Champion,09-06-2023,3.0,STAYC,Bubble,"3,433","1,895",2,"1,493",43,0
Show Champion,09-06-2023,4.0,SOMI,Fast Forward,"3,129","2,991",1,26,111,0
Show Champion,09-06-2023,5.0,n.Ssign,Wormhole: New Track,"1,356",0,0,421,2,933
Show Champion,08-30-2023,1.0,EVERGLOW,SLAY,"4,392",0,49,"2,000",343,"2,000"
Show Champion,08-30-2023,2.0,JIHYO,Killin' Me Good,"3,620",90,"1,500","1,878",152,0
Show Champion,08-30-2023,3.0,AKMU,Love Lee,"3,601","3,500",0,8,93,0
Show Champion,08-30-2023,4.0,STAYC,Bubble,"3,510","1,781",946,193,190,400
Show Champion,08-30-2023,5.0,SOMI,Fast Forward,"3,431","3,192",37,17,185,0
Show Champion,08-16-2023,1.0,NewJeans,Super Shy,"3,779","3,500",64,18,197,0
Show Champion,08-16-2023,2.0,TREASURE,BONA BONA,"3,352",40,60,"2,000",319,933
Show Champion,08-16-2023,3.0,THE BOYZ,LIP GLOSS,"3,272",295,"1,500",929,548,0
Show Champion,08-16-2023,4.0,SOMI,Fast Forward,"1,729",724,0,5,"1,000",0
Show Champion,08-16-2023,5.0,NCT DREAM,ISTJ,"1,325",755,530,7,33,0
Show Champion,08-09-2023,1.0,Jung Kook,Seven (feat. Latto),"5,311","2,703",0,"1,635",973,0
Show Champion,08-09-2023,2.0,TREASURE,BONA BONA,"3,983",200,783,"2,000","1,000",0
Show Champion,08-09-2023,3.0,NewJeans,Super Shy,"3,912","3,500",47,3,362,0
Show Champion,08-09-2023,4.0,ITZY,CAKE,"3,488",463,"1,500",698,827,0
Show Champion,08-09-2023,5.0,xikers,DO or DIE,"2,208",0,255,32,854,"1,067"
Show Champion,08-02-2023,1.0,Jung Kook,Seven (feat. Latto),"5,545","2,545",0,"2,000","1,000",0
Show Champion,08-02-2023,2.0,NewJeans,Super Shy,"5,414","3,500","1,500",86,328,0
Show Champion,08-02-2023,3.0,TREASURE,BONA BONA,"3,095",63,725,"1,787",520,0
Show Champion,08-02-2023,4.0,Oh My Girl,Summer Comes,"3,013",675,181,157,933,"1,067"
Show Champion,08-02-2023,5.0,NCT DREAM,ISTJ,"1,709",774,293,475,167,0
Show Champion,07-26-2023,1.0,NCT DREAM,ISTJ,"5,387",887,"1,500","2,000","1,000",0
Show Champion,07-26-2023,2.0,Jung Kook,Seven (feat. Latto),"5,297","2,543",0,"1,835",919,0
Show Champion,07-26-2023,3.0,NewJeans,Super Shy,"4,195","3,500",502,17,176,0
Show Champion,07-26-2023,4.0,ZEROBASEONE,In Bloom,"1,860",346,8,147,26,"1,333"
Show Champion,07-26-2023,5.0,NMIXX,Party O'Clock,"1,268",68,27,20,86,"1,067"
Show Champion,07-19-2023,1.0,ZEROBASEONE,In Bloom,"6,425","1,588","1,500","1,727",277,"1,333"
Show Champion,07-19-2023,2.0,EXO,Cream Soda,"5,631","2,133","1,286","2,000",212,0
Show Champion,07-19-2023,3.0,Jung Kook,Seven (feat. Latto),"4,789","3,500",0,289,"1,000",0
Show Champion,07-19-2023,4.0,NMIXX,Party O'Clock,"4,109",286,801,174,848,"2,000"
Show Champion,07-19-2023,5.0,SHINee,HARD,"2,485","2,424",32,12,17,0
Show Champion,07-12-2023,1.0,SHINee,HARD,"6,578","3,500","1,144","1,823",111,0
Show Champion,07-12-2023,2.0,TREASURE,MOVE (T5),"4,103",0,169,"2,000","1,000",934
Show Champion,07-12-2023,3.0,BOL4,Someday (ft HaHyunSang),"3,099","3,099",0,0,0,0
Show Champion,07-12-2023,4.0,ZiA,Because You Don't Love Me,"2,517","2,510",0,0,7,0
Show Champion,07-12-2023,5.0,WEi,OVERDRIVE,"2,464",0,"1,032",44,"2,517","1,067"
Show Champion,07-05-2023,1.0,SHINee,HARD,"7,946","3,500","1,500","1,946","1,000",0
Show Champion,07-05-2023,2.0,Lim Young-woong,Grains of Sand,"5,375","3,324",0,"2,000",51,0
Show Champion,07-05-2023,3.0,WEi,OVERDRIVE,"2,888",0,816,72,0,"2,000"
Show Champion,07-05-2023,4.0,Tophyun,Only You,"2,648","2,646",0,0,2,0
Show Champion,07-05-2023,5.0,Kassy,Crush On You,"2,484","2,483",0,0,1,0
Show Champion,06-28-2023,1.0,Lim Young-woong,Grains of Sand,0,,,,,
Show Champion,06-21-2023,1.0,ATEEZ,Bouncy (K-Hot Chilli Peppers),"5,821",389,"1,500","2,000","1,000",933
Show Champion,06-21-2023,2.0,Lim Young-woong,Grains of Sand,"5,438","3,500",0,"1,861",77,0
Show Champion,06-21-2023,3.0,STRAY KIDS,S-Class,"4,405","2,431",113,"1,453",407,0
Show Champion,06-21-2023,4.0,Kassy,Crush On You,"2,916","2,915",0,,1,0
Show Champion,06-21-2023,5.0,BTS,Take Two,"2,662","2,182",0,480,,0
Show Champion,06-14-2023,1.0,STRAY KIDS,S-Class,"5,149",649,"1,500","2,000","1,000",0
Show Champion,06-14-2023,2.0,(G)I-DLE,Queencard,"3,941","3,500",11,4,426,0
Show Champion,06-14-2023,3.0,Lim Young-woong,Grains of Sand,"2,955",932,0,"1,910",113,0
Show Champion,06-14-2023,4.0,P1Harmony,JUMP,"2,128",0,199,8,855,"1,066"
Show Champion,06-14-2023,5.0,fromis_9,#menow,"2,121",117,95,180,663,"1,066"
Show Champion,06-07-2023,1.0,STRAY KIDS,S-Class,"4,790",290,"1,500","2,000","1,000",0
Show Champion,06-07-2023,2.0,(G)I-DLE,Queencard,"4,183","3,500",12,93,578,0
Show Champion,06-07-2023,3.0,aespa,Spicy,"3,104","2,958",0,4,142,0
Show Champion,06-07-2023,4.0,Secret Number,DOXA,"2,056",64,0,626,32,"1,334"
Show Champion,06-07-2023,5.0,CIX,"Save me, Kill me","1,637",42,67,38,422,"1,068"
Show Champion,05-31-2023,1.0,Dreamcatcher,BONVOYAGE,"4,732",46,62,"2,000",624,"2,000"
Show Champion,05-31-2023,2.0,(G)I-DLE,Queencard,"4,662","3,500",38,124,"1,000",0
Show Champion,05-31-2023,3.0,aespa,Spicy,"3,740","3,442",67,8,223,0
Show Champion,05-31-2023,4.0,ENHYPEN,Bite Me,"3,576",208,"1,500","1,004",864,0
Show Champion,05-31-2023,5.0,LE SSERAFIM,UNFORGIVEN (Feat. Nile Rodgers),"2,916","2,749",27,5,135,0
Show Champion,05-24-2023,1.0,(G)I-DLE,Queencard,"9,141",,,,,
Show Champion,05-10-2023,1.0,LE SSERAFIM,UNFORGIVEN (Feat. Nile Rodgers),"7,521",,,,,
Show Champion,05-03-2023,1.0,SEVENTEEN,Super,"5,706",,,,,
Show Champion,04-26-2023,1.0,Jisoo,Flower,"4,870",,,,,
Show Champion,04-19-2023,1.0,IVE,I Am,"6,607",,,,,
Show Champion,04-12-2023,1.0,Jisoo,Flower,"7,058",,,,,
Show Champion,04-05-2023,1.0,Jisoo,Flower,"6,990",,,,,
Show Champion,03-29-2023,1.0,NMIXX,Love Me Like This,"9,176",,,,,
Show Champion,03-22-2023,1.0,Twice,Set Me Free,"5,120",,,,,
Show Champion,03-08-2023,1.0,STAYC,Teddy Bear,"6,083",,,,,
Show Champion,03-01-2023,1.0,THE BOYZ,Roar,"4,839",,,,,
Show Champion,02-22-2023,1.0,STAYC,Teddy Bear,"6,240",,,,,
Show Champion,02-15-2023,1.0,BSS,Fighting,"5,963",,,,,
Show Champion,02-08-2023,1.0,NCT 127,Ay-Yo,"4,751",,,,,
Show Champion,01-19-2023,1.0,ITZY,UNTOUCHABLE,"10,679",197,"3,984","1,697","4,768",33
Show Champion,01-19-2023,2.0,SF9,BIBORA,"3,877",15,"2,946",0,915,1
Show Champion,12-04-2024,1.0,WayV,FREQUENCY,"4,859",483,"1,156","2,000",153,"1,067"
Show Champion,12-04-2024,2.0,TWS,Last Festival,"3,985",202,"1,500",878,472,933
Show Champion,12-04-2024,3.0,Hwang Kagam,I'm Firefly,"3,903","3,500",0,3,0,400
Show Champion,12-04-2024,4.0,IRENE,Like A Flower,"2,140",266,949,887,38,0
Show Champion,12-04-2024,5.0,izna,IZNA,"1,995",97,823,75,"1,000",0
Show Champion,11-20-2024,1.0,NCT DREAM,When I'm With You,"7,169","3,281","1,500","2,000",388,0
Show Champion,11-20-2024,2.0,ENHYPEN,No Doubt,"5,218","1,317","1,266","1,635","1,000",0
Show Champion,11-20-2024,3.0,BABYMONSTER,DRIP,"4,510","3,500",9,26,975,0
Show Champion,11-20-2024,4.0,ATEEZ,Ice On My Teeth,"3,207","1,206",636,671,694,0
Show Champion,11-20-2024,5.0,TOMORROW X TOGETHER,Over The Moon,"2,120","1,497",31,116,476,0
Show Champion,11-13-2024,1.0,TOMORROW X TOGETHER,Over The Moon,"4,992",492,"1,500","2,000","1,000",0
Show Champion,11-13-2024,2.0,aespa,Whiplash,"3,779","3,500",10,56,213,0
Show Champion,11-13-2024,3.0,Kep1er,TIPI-TAP,"2,623",0,119,126,378,"2,000"
Show Champion,11-13-2024,4.0,EPEX,UNIVERSE,"1,954",75,216,50,546,"1,067"
Show Champion,11-13-2024,5.0,BABYMONSTER,DRIP,"1,944",423,516,31,974,0
Show Champion,11-06-2024,1.0,THE BOYZ,TRIGGER,"4,878",531,"1,500","1,847","1,000",0
Show Champion,11-06-2024,2.0,JENNIE,Mantra,"4,590","2,590",0,"2,000",0,0
Show Champion,11-06-2024,3.0,aespa,Whiplash,"4,013","3,500",97,177,239,0
Show Champion,11-06-2024,4.0,ILLIT,Cherish (My Love),"2,186",816,39,333,65,933
Show Champion,11-06-2024,5.0,tripleS,Hit the Floor,"1,805",0,91,35,612,"1,067"
Show Champion,10-30-2024,1.0,aespa,Whiplash,"6,243","3,131","1,500",612,"1,000",0
Show Champion,10-30-2024,2.0,JENNIE,Mantra,"3,775","3,500",0,275,0,0
Show Champion,10-30-2024,3.0,SEVENTEEN,"LOVE, MONEY, FAME","3,242","1,081",81,"2,000",80,0
Show Champion,10-30-2024,4.0,ILLIT,Cherish (My Love),"2,167",879,628,239,421,0
Show Champion,10-30-2024,5.0,tripleS,Hit the Floor,"2,027",0,572,140,248,"1,067"
Show Champion,10-23-2024,1.0,SEVENTEEN,"LOVE, MONEY, FAME","6,448","1,948","1,500","2,000","1,000",0
Show Champion,10-23-2024,2.0,JENNIE,Mantra,"3,682","3,500",0,182,0,0
Show Champion,10-23-2024,3.0,Xdinary Heroes,Night before the end,"2,444",0,21,191,232,"2,000"
Show Champion,10-23-2024,4.0,KISS OF LIFE,Get Loud,"1,672",327,41,14,224,"1,067"
Show Champion,10-23-2024,5.0,Billlie,remembrance candy,"1,286",0,16,16,188,"1,067"
Show Champion,10-09-2024,1.0,QWER,My Name Is Malgeum,"5,156","3,500",6,786,864,0
Show Champion,10-09-2024,2.0,VANNER,Automatic,"5,021",73,"1,184","2,000",697,"1,067"
Show Champion,10-09-2024,3.0,NCT WISH,Steady,"3,405",417,"1,500","1,120",368,0
Show Champion,10-09-2024,4.0,YENA,NEMONEMO,"2,550",133,232,118,"1,000","1,067"
Show Champion,10-09-2024,5.0,FIFTY FIFTY,SOS,"1,418",899,8,28,483,0
Show Champion,10-02-2024,1.0,Kang Daniel,Electric Shock,"4,634",692,291,"2,000",718,933
Show Champion,10-02-2024,2.0,DAY6,Melt Down,"3,642","3,500",13,111,18,0
Show Champion,10-02-2024,3.0,QWER,My Name Is Malgeum,"3,509","2,776",109,92,532,0
Show Champion,10-02-2024,4.0,NCT WISH,Steady,"2,708",557,"1,500",485,166,0
Show Champion,10-02-2024,5.0,FIFTY FIFTY,SOS,"2,320","1,084",39,50,214,933
Show Champion,09-25-2024,1.0,P1Harmony,SAD SONG,"6,219",163,"1,500","1,653",903,"2,000"
Show Champion,09-25-2024,2.0,DAY6,Melt Down,"3,677","3,500",11,133,33,0
Show Champion,09-25-2024,3.0,BOYNEXTDOOR,Nice Guy,"3,147",790,266,"2,000",91,0
Show Champion,09-25-2024,4.0,MEOVV,MEOW,"2,153","1,718",0,40,395,0
Show Champion,09-25-2024,5.0,LE SSERAFIM,CRAZY,"2,027","1,460",13,143,411,0
Show Champion,09-11-2024,1.0,LE SSERAFIM,CRAZY,"4,777","1,314",779,"1,684","1,000",0
Show Champion,09-11-2024,2.0,DAY6,Melt Down,"4,298","3,500",200,241,357,0
Show Champion,09-11-2024,3.0,Baekhyun,Pineapple Slice,"4,058",135,"1,500","2,000",423,0
Show Champion,09-11-2024,4.0,YOUNHA,Sunfish,"3,234","1,135",21,2,76,"2,000"
Show Champion,09-11-2024,5.0,Tzuyu,Run Away,"2,506",78,370,"1,793",265,0
Show Champion,09-04-2024,1.0,ZEROBASEONE,GOOD SO BAD,"5,794","1,403","1,500","1,891","1,000",0
Show Champion,09-04-2024,2.0,PLAVE,Pump Up The Volume!,"4,706","2,669",0,"2,000",37,0
Show Champion,09-04-2024,3.0,fromis_9,Supersonic,"3,888","3,500",6,365,17,0
Show Champion,09-04-2024,4.0,NMIXX,See that?,"3,373","2,612",12,311,38,400
Show Champion,09-04-2024,5.0,Oh My Girl,Classified,"3,147","1,663",50,49,318,"1,067"
Show Champion,08-14-2024,1.0,STRAY KIDS,Chk Chk Boom,"7,142","3,500",656,"2,000",986,0
Show Champion,08-14-2024,2.0,UNIS,Curious,"5,226",226,"1,357","1,310","1,000","1,333"
Show Champion,08-14-2024,3.0,BamBam,LAST PARADE,"1,985",279,"1,500",5,201,0
Show Champion,08-14-2024,4.0,Jimin,Who,"1,387",660,85,14,628,0
Show Champion,08-14-2024,5.0,nSSign,Tiger (New Flavour),"1,095",0,0,21,7,"1,067"
Show Champion,08-07-2024,1.0,STRAY KIDS,Chk Chk Boom,"6,998","2,814","1,195","2,000",989,0
Show Champion,08-07-2024,2.0,NCT 127,Walk,"4,333","3,500",679,66,88,0
Show Champion,08-07-2024,3.0,ENHYPEN,Brought The Heat Back,"3,765",278,609,"1,377",434,"1,067"
Show Champion,08-07-2024,4.0,TONY,Jigglin',"2,895",0,"1,500",84,911,400
Show Champion,08-07-2024,5.0,Jimin,Who,"1,504",449,333,64,658,0
Show Champion,07-31-2024,1.0,STRAY KIDS,Chk Chk Boom,"5,858","1,358","1,500","2,000","1,000",0
Show Champion,07-31-2024,2.0,(G)I-DLE,Klaxon,"4,105","3,500",6,73,526,0
Show Champion,07-31-2024,3.0,NCT 127,Walk,"1,776","1,294",37,401,44,0
Show Champion,07-31-2024,4.0,nSSign,Tiger (New Flavour),"1,062",0,18,103,8,933
Show Champion,07-31-2024,5.0,Jimin,Who,"1,039",302,182,150,405,0
Show Champion,07-17-2024,1.0,KISS OF LIFE,Sticky,"4,720","3,500",0,17,136,"1,067"
Show Champion,07-17-2024,2.0,ENHYPEN,XO (Only If You Say Yes),"4,130",343,"1,500","1,478",809,0
Show Champion,07-17-2024,3.0,(G)I-DLE,Klaxon,"3,907","1,966",808,133,"1,000",0
Show Champion,07-17-2024,4.0,Dreamcatcher,JUSTICE,"3,898",110,39,"2,000",682,"1,067"
Show Champion,07-17-2024,5.0,TWS,"If I'm S, Can You Be My N?","1,953","1,903",18,6,26,0
Show Champion,07-10-2024,1.0,NCT WISH,Songbird,"4,779",111,"1,500","2,000",101,"1,067"
Show Champion,07-10-2024,2.0,Lee Young-Ji,Small girl (ft. D.O.),"3,691","3,500",0,107,84,0
Show Champion,07-10-2024,3.0,KISS OF LIFE,Sticky,"3,354","1,354",0,607,326,"1,067"
Show Champion,07-10-2024,4.0,STAYC,Cheeky Icy Thang,"2,183",365,265,"1,311",242,0
Show Champion,07-10-2024,5.0,RIIZE,Boom Boom Bass,"1,721","1,296",61,347,17,0
Show Champion,07-03-2024,1.0,TWS,"If I'm S, Can You Be My N?","7,139",639,"1,500","2,000","1,999","2,000"
Show Champion,07-03-2024,2.0,Red Velvet,Cosmic,"4,403",935,788,"1,995",685,0
Show Champion,07-03-2024,3.0,Lee Young-Ji,Small girl (ft. D.O.),"4,049","3,500",0,155,392,0
Show Champion,07-03-2024,4.0,RIIZE,Boom Boom Bass,"1,571","1,107",67,218,179,0
Show Champion,07-03-2024,5.0,H1-Key,Let It Burn,"1,313",44,20,11,171,"1,067"
Show Champion,06-26-2024,1.0,RIIZE,Boom Boom Bass,"8,098",,,,,
Show Champion,06-26-2024,2.0,JxW,Last Night,"5,065",,,,,
Show Champion,06-26-2024,3.0,EVNNE,Badder Love,"4,566",,,,,
Show Champion,06-26-2024,5.0,Nayeon,ABCD,"2,763",,,,,
Show Champion,06-19-2024,1.0,Nayeon,ABCD,"4,644",144,"1,500","2,000","1,000",0
Show Champion,06-19-2024,2.0,aespa,Armageddon,"3,732","3,334",43,106,249,0
Show Champion,06-19-2024,3.0,NewJeans,Bubble Gum,"3,657","3,500",37,44,76,0
Show Champion,06-19-2024,4.0,EVERGLOW,ZOMBIE,"2,403",56,114,"1,817",416,0
Show Champion,06-19-2024,5.0,TREASURE,KING KONG,932,0,0,152,780,0
Show Champion,06-12-2024,1.0,Kep1er,Shooting Star,"5,049",100,220,"2,000",729,"2,000"
Show Champion,06-12-2024,2.0,NewJeans,How Sweet,"3,693","3,500",31,85,77,0
Show Champion,06-12-2024,3.0,ATEEZ,WORK,"2,912",105,"1,500","1,011",296,0
Show Champion,06-12-2024,4.0,aespa,Armageddon,"2,640","2,258",53,16,313,0
Show Champion,06-12-2024,5.0,WayV,Give me That,"2,217",208,730,629,250,400
Show Champion,06-05-2024,1.0,aespa,Armageddon,"4,611","1,969","1,500",142,"1,000",0
Show Champion,06-05-2024,2.0,ATEEZ,WORK,"3,935",325,"1,058","2,000",552,0
Show Champion,06-05-2024,3.0,NewJeans,How Sweet,"3,783","3,500",92,37,154,0
Show Champion,06-05-2024,4.0,TREASURE,KING KONG,"2,463",87,0,"1,681",695,0
Show Champion,06-05-2024,5.0,DXMON,"Girls, Love boys, Love girls","1,365",0,0,1,31,"1,333"
Show Champion,05-29-2024,1.0,NewJeans,How Sweet,"5,759","3,500","1,500",261,498,0
Show Champion,05-29-2024,2.0,ZEROBASEONE,Feel The POP,"4,745",347,29,"2,000",369,"2,000"
Show Champion,05-29-2024,3.0,NEXZ,Ride the Vice,"3,383",0,215,"1,101","1,000","1,067"
Show Champion,05-29-2024,4.0,tripleS,Girls Never Die,"2,416","2,297",2,39,78,0
Show Champion,05-29-2024,5.0,ONEUS,Now,"1,194",0,0,317,477,400
Show Champion,05-22-2024,1.0,ZEROBASEONE,Feel The POP,"5,858",291,"1,500","2,000","1,000","1,067"
Show Champion,05-22-2024,2.0,Zico,SPOT! (feat. JENNIE),"3,861","3,500",0,82,279,0
Show Champion,05-22-2024,3.0,tripleS,Girls Never Die,"1,769",553,71,19,59,"1,067"
Show Champion,05-22-2024,4.0,SEVENTEEN,MAESTRO,"1,418","1,085",44,138,151,0
Show Champion,05-22-2024,5.0,FANTASY BOYS,Pitter-Patter-Love,"1,341",0,0,7,1,"1,333"
Show Champion,05-08-2024,1.0,SEVENTEEN,MAESTRO,"5,988","1,488","1,500","2,000","1,000",0
Show Champion,05-08-2024,2.0,Zico,SPOT! (feat. JENNIE),"4,113","3,500",0,261,352,0
Show Champion,05-08-2024,3.0,IVE,HEYA,"3,635","2,188",666,135,646,0
Show Champion,05-08-2024,4.0,Xdinary Heroes,Little Things,"2,654",0,21,466,167,"2,000"
Show Champion,05-08-2024,5.0,Solar,But I,"1,200",0,16,54,63,"1,067"
Show Champion,05-01-2024,1.0,Doyoung,Little Light,"5,116","2,143",897,"2,000",75,0
Show Champion,05-01-2024,2.0,Zico,SPOT! (feat. JENNIE),"4,832","3,500",0,517,815,0
Show Champion,05-01-2024,3.0,YUQI,FREAK,"3,221",209,"1,500",512,"1,000",0
Show Champion,05-01-2024,4.0,KISS OF LIFE,Midas Touch,"2,139","2,011",13,16,99,0
Show Champion,05-01-2024,5.0,EPEX,Youth2Youth,"2,048",0,0,22,26,"2,000"
Show Champion,04-24-2024,1.0,BOYNEXTDOOR,"Earth, Wind & Fire","7,009",509,"1,500","2,000","1,000","2,000"
Show Champion,04-24-2024,2.0,QWER,T.B.H,"3,551","3,500",2,3,46,0
Show Champion,04-24-2024,3.0,BABYMONSTER,Sheesh,"3,370","2,216",15,307,832,0
Show Champion,04-24-2024,4.0,KISS OF LIFE,Midas Touch,"1,576","1,461",4,39,72,0
Show Champion,04-24-2024,5.0,Woody,When You Alone,"1,442","1,437",0,3,2,0
Show Champion,04-17-2024,1.0,ILLIT,Magnetic,"4,188","3,500",390,116,182,0
Show Champion,04-17-2024,2.0,EPEX,Youth2Youth,"3,953",0,"1,500",845,541,"1,067"
Show Champion,04-17-2024,3.0,TOMORROW X TOGETHER,Deja Vu,"3,052",481,252,"2,000",319,0
Show Champion,04-17-2024,4.0,ONF,Bye My Monster,"2,114",260,554,637,263,400
Show Champion,04-17-2024,5.0,BABYMONSTER,Sheesh,"1,667",526,18,123,"1,000",0
Show Champion,04-10-2024,1.0,TOMORROW X TOGETHER,Deja Vu,"4,776",774,"1,500","2,000",502,0
Show Champion,04-10-2024,2.0,ILLIT,Magnetic,"4,093","3,500",35,50,108,400
Show Champion,04-10-2024,3.0,KISS OF LIFE,Midas Touch,"2,487",307,52,63,65,"2,000"
Show Champion,04-10-2024,4.0,BABYMONSTER,Sheesh,"1,863",314,389,160,"1,000",0
Show Champion,04-10-2024,5.0,DAY6,Welcome to the Show,"1,406","1,396",1,4,5,0
Show Champion,04-03-2024,1.0,NCT DREAM,Smoothie,"7,210","3,250","1,500","2,000",460,0
Show Champion,04-03-2024,2.0,ILLIT,Magnetic,"6,977","3,500",232,245,"1,000","2,000"
Show Champion,04-03-2024,3.0,DAY6,Welcome to the Show,"3,586","3,446",3,66,71,0
Show Champion,04-03-2024,4.0,DAVICHI,I'll be by your side,"1,810","1,744",0,16,50,0
Show Champion,04-03-2024,5.0,UNIS,SUPERWOMAN,"1,383",0,31,79,206,"1,067"
Show Champion,03-27-2024,1.0,THE BOYZ,Nectar,"5,025",525,"1,500","2,000","1,000",0
Show Champion,03-27-2024,2.0,(G)I-DLE,Fate,"3,586","3,500",0,86,0,0
Show Champion,03-27-2024,3.0,THE NEW SIX,FUEGO,"3,291",0,0,"1,907",317,"1,067"
Show Champion,03-27-2024,4.0,n.Ssign,FUNK JAM,"3,287",0,3,"1,881",70,"1,333"
Show Champion,03-27-2024,5.0,DAY6,Welcome to the Show,"2,518","1,401",509,510,98,0
Show Champion,03-20-2024,1.0,TEMPEST,LIGHTHOUSE,"5,861",131,"1,500","2,000",230,"2,000"
Show Champion,03-20-2024,2.0,LE SSERAFIM,EASY,"3,923","3,500",272,23,128,0
Show Champion,03-20-2024,3.0,Highlight,BODY,"3,276",482,903,491,"1,000",400
Show Champion,03-20-2024,4.0,WENDY,Wish You Hell,"2,172",619,"1,175",321,57,0
Show Champion,03-20-2024,5.0,xikers,We Don't Stop,"1,646",0,"1,215",21,10,400
Show Champion,03-13-2024,1.0,NCT WISH,WISH,"3,891",0,"1,500",235,156,"2,000"
Show Champion,03-13-2024,2.0,PLAVE,WAY 4 LUV,"3,774",511,980,"2,000",283,0
Show Champion,03-13-2024,3.0,BIBI,Bam Yang Gang,"3,695","3,500",0,1,194,0
Show Champion,03-13-2024,4.0,LE SSERAFIM,EASY,"3,209","2,528",116,58,506,0
Show Champion,03-13-2024,5.0,xikers,We Don't Stop,"2,860",0,654,139,"1,000","1,067"
Show Champion,03-06-2024,1.0,PLAVE,WAY 4 LUV,"4,462",750,"1,500","2,000",212,0
Show Champion,03-06-2024,2.0,BIBI,Bam Yang Gang,"3,601","3,500",0,1,100,0
Show Champion,03-06-2024,3.0,LE SSERAFIM,EASY,"3,422","2,239",96,87,"1,000",0
Show Champion,03-06-2024,4.0,Taeyoung,TAP,"3,106",418,879,"1,653",156,0
Show Champion,03-06-2024,5.0,Cravity,Love or Die,"2,849",190,"1,040",211,475,933
Show Champion,02-28-2024,1.0,LE SSERAFIM,EASY,"4,261","1,514","1,500",247,"1,000",0
Show Champion,02-28-2024,2.0,BIBI,Bam Yang Gang,"3,581","3,500",0,3,78,0
Show Champion,02-28-2024,3.0,Moon Byul,TOUCHIN&MOVIN,"3,384",0,131,"2,000",186,"1,067"
Show Champion,02-28-2024,4.0,IU,Holssi,"2,441","2,039",313,28,61,0
Show Champion,02-28-2024,5.0,Twice,ONE SPARK,"2,142",47,"1,162",540,393,0
Show Champion,02-21-2024,1.0,TWS,plot twist,"5,384","3,500",211,"1,504",169,0
Show Champion,02-21-2024,2.0,n.Ssign,Happy &,"3,990",0,"1,500","1,482",608,400
Show Champion,02-21-2024,3.0,TEN,Nightwalker,"3,897",206,959,"2,000",732,0
Show Champion,02-21-2024,4.0,(G)I-DLE,Super Lady,"3,226","2,104",45,77,"1,000",0
Show Champion,02-21-2024,5.0,BIBI,Bam Yang Gang,"2,833","2,040",0,2,791,0
Show Champion,02-14-2024,1.0,TWS,plot twist,"5,537","3,500",96,"1,863",78,0
Show Champion,02-14-2024,2.0,P1Harmony,Killin' It,"4,688",188,"1,500","2,000","1,000",0
Show Champion,02-14-2024,3.0,(G)I-DLE,Super Lady,"4,066","2,835",56,570,605,0
Show Champion,02-14-2024,4.0,GroovyRoom,"Yes or No (ft. Huh Yunjin, Crush)","1,636","1,635",0,1,0,0
Show Champion,02-14-2024,5.0,NMIXX,DASH,"1,512","1,360",23,38,91,0
Show Champion,02-07-2024,1.0,(G)I-DLE,Super Lady,"6,964","3,142","1,500","1,322","1,000",0
Show Champion,02-07-2024,2.0,TWS,plot twist,"5,951","3,500",22,"2,000",29,400
Show Champion,02-07-2024,3.0,NMIXX,DASH,"4,412","2,314",3,63,32,"2,000"
Show Champion,02-07-2024,4.0,GroovyRoom,"Yes or No (ft. Huh Yunjin, Crush)","3,046","3,045",0,1,0,0
Show Champion,02-07-2024,5.0,Jukjae,Midnight Call,"1,617","1,616",0,1,0,0
Show Champion,01-31-2024,1.0,EVNNE,UGLY,"4,802",273,998,"2,000",464,"1,067"
Show Champion,01-31-2024,2.0,TWS,plot twist,"4,761",694,"1,500",634,"1,000",933
Show Champion,01-31-2024,3.0,RIIZE,Love 119,"3,886","3,500",0,313,73,0
Show Champion,01-31-2024,4.0,NMIXX,DASH,"2,873","1,265",63,677,201,667
Show Champion,01-31-2024,5.0,CIX,Lovers Or Enemies,"2,239",101,194,76,801,"1,067"
Show Champion,01-24-2024,1.0,NMIXX,DASH,"6,849","1,016","1,500","2,000","1,000","1,333"
Show Champion,01-24-2024,2.0,RIIZE,Love 119,"4,168","3,500",0,473,195,0
Show Champion,01-24-2024,3.0,HUI,Hmm BOP,"2,462",0,68,554,773,"1,067"
Show Champion,01-24-2024,4.0,SF9,BIBORA,"2,165",109,16,"1,077",30,933
Show Champion,01-24-2024,5.0,YENA,Good Morning,"1,776",0,194,183,332,"1,067"
Show Champion,04-09-2025,1.0,NiziU,LOVE LINE,"4,823",0,490,"2,000",333,"2,000"
Show Champion,04-09-2025,2.0,CLOSE YOUR EYES,All My Poetry,"4,709",418,"1,500",55,736,"2,000"
Show Champion,04-09-2025,3.0,LE SSERAFIM,HOT,"3,834","3,500",17,163,154,0
Show Champion,04-09-2025,4.0,KiiiKiii,I DO ME,"3,234","3,199",18,7,10,0
Show Champion,04-09-2025,5.0,xikers,BREATHE,"2,803",103,435,37,228,"2,000"
Show Champion,04-02-2025,1.0,JENNIE,like JENNIE,"4,543","3,500",13,30,"1,000",0
Show Champion,04-02-2025,2.0,TEN,STUNNER,"4,420",370,"1,100","2,000",350,600
Show Champion,04-02-2025,3.0,KiiiKiii,I DO ME,"3,576","2,031","1,500",4,41,0
Show Champion,04-02-2025,4.0,THE NEW SIX,For Real!?,"2,948",0,107,197,644,"2,000"
Show Champion,04-02-2025,5.0,LE SSERAFIM,HOT,"2,564","1,986",45,40,493,0
Show Champion,03-26-2025,1.0,NMIXX,KNOW ABOUT ME,"6,865",598,"1,419","1,973",875,"2,000"
Show Champion,03-26-2025,2.0,THE BOYZ,VVV,"5,118",618,"1,500","2,000","1,000",0
Show Champion,03-26-2025,3.0,JENNIE,like JENNIE,"3,931","3,500",9,1,421,0
Show Champion,03-26-2025,4.0,LE SSERAFIM,HOT,"2,064","1,497",138,175,254,0
Show Champion,03-26-2025,5.0,TREASURE,YELLOW,"1,594",0,116,710,768,0
Show Champion,03-19-2025,1.0,TREASURE,YELLOW,"4,259",57,"1,394","2,000",808,0
Show Champion,03-19-2025,2.0,G-Dragon,TOO BAD (feat. Anderson Paak),"3,870","3,500",60,173,137,0
Show Champion,03-19-2025,3.0,JENNIE,like JENNIE,"3,705","2,239",585,38,843,0
Show Champion,03-19-2025,4.0,HOSHI X WOOZI,96ers,"2,941",184,966,"1,116",675,0
Show Champion,03-19-2025,5.0,LE SSERAFIM,HOT,"2,795",263,"1,500",32,"1,000",0
Show Champion,03-12-2025,1.0,G-Dragon,TOO BAD (feat. Anderson Paak),"4,892","3,500",288,386,718,0
Show Champion,03-12-2025,2.0,JENNIE,like JENNIE,"3,187",683,"1,500",4,"1,000",0
Show Champion,03-12-2025,3.0,Infinite,Dangerous,"2,537",185,347,"2,000",5,0
Show Champion,03-12-2025,4.0,8TURN,LEGGO,"2,185",0,143,4,38,"2,000"
Show Champion,03-12-2025,5.0,Hearts2Hearts,The Chase,"1,992",810,23,48,111,"1,000"
Show Champion,03-05-2025,1.0,ZEROBASEONE,BLUE,"6,917",417,"1,500","2,000","1,000","2,000"
Show Champion,03-05-2025,2.0,G-Dragon,TOO BAD (feat. Anderson Paak),"5,136","3,500",934,130,572,0
Show Champion,03-05-2025,3.0,Hearts2Hearts,The Chase,"2,371",557,490,70,254,"1,000"
Show Champion,03-05-2025,4.0,ALL(H)OURS,GIMME GIMME,"1,646",0,0,2,44,"1,600"
Show Champion,03-05-2025,5.0,NouerA,N.I.N (New is Now),"1,177",0,149,28,0,"1,000"
Show Champion,02-12-2025,1.0,PLAVE,Dash,"6,852","2,735","1,486","2,000",631,0
Show Champion,02-12-2025,2.0,IVE,ATTITUDE,"6,479","3,500","1,500",479,"1,000",0
Show Champion,02-12-2025,3.0,CIX,THUNDER,"2,393",0,0,17,376,"2,000"
Show Champion,02-12-2025,4.0,RESCENE,Glow Up,"2,392",0,29,7,356,"2,000"
Show Champion,02-12-2025,5.0,KickFlip,Mama Said,"2,040",0,3,11,26,"2,000"
