Show,Date,Placement,Artist,Song,Total,Digital sales,Broadcast,Voting,Physical album,Video views
Music Bank,12-09-2022,1.0,ITZY,Cheshire,"8,462",,,,,
Music Bank,12-02-2022,1.0,CSR,♡Ticon,"6,407",,,,,
Music Bank,11-25-2022,1.0,Verivery,Tap Tap,"6,069",,,,,
Music Bank,11-18-2022,1.0,Highlight,Alone,"7,618",,,,,
Music Bank,11-11-2022,1.0,LE SSERAFIM,ANTIFRAGILE,"6,137",,,,,
Music Bank,11-04-2022,1.0,LE SSERAFIM,ANTIFRAGILE,"8,786",,,,,
Music Bank,10-28-2022,1.0,(G)I-DLE,Nxde,"12,541",,,,,
Music Bank,10-21-2022,1.0,STRAY KIDS,Case 143,"8,113",,,,,
Music Bank,10-14-2022,1.0,STRAY KIDS,Case 143,"11,168",,,,,
Music Bank,10-07-2022,1.0,IVE,After LIKE,"6,966",,,,,
Music Bank,09-30-2022,1.0,NCT 127,2 Baddies,"9,309",,,,,
Music Bank,09-23-2022,1.0,IVE,After LIKE,"7,502",,,,,
Music Bank,09-16-2022,1.0,ONEUS,Same Scent,"8,115",,,,,
Music Bank,09-09-2022,1.0,IVE,After LIKE,"11,406",,,,,
Music Bank,09-02-2022,1.0,IVE,After LIKE,"12,174",,,,,
Music Bank,08-26-2022,1.0,THE BOYZ,Whisper,"11,097",,,,,
Music Bank,08-19-2022,1.0,NewJeans,Attention,"11,150",,,,,
Music Bank,08-12-2022,1.0,ATEEZ,Guerrilla,"6,169",,,,,
Music Bank,08-05-2022,1.0,ATEEZ,Guerrilla,"8,474",,,,,
Music Bank,07-29-2022,1.0,SEVENTEEN,_WORLD,"10,353",,,,,
Music Bank,07-22-2022,1.0,ITZY,SNEAKERS,"10,427",,,,,
Music Bank,07-15-2022,1.0,ENHYPEN,Future Perfect (Pass the Mic),"8,577",,,,,
Music Bank,07-08-2022,1.0,fromis_9,Stay That Way,"8,378",,,,,
Music Bank,07-01-2022,1.0,Kep1er,Up!,"7,268",,,,,
Music Bank,06-24-2022,1.0,BTS,Yet to Come,"5,573",,,,,
Music Bank,06-17-2022,1.0,BTS,Yet to Come,"6,692",,,,,
Music Bank,06-10-2022,1.0,NCT DREAM,Beatbox,"11,069",,,,,
Music Bank,06-03-2022,1.0,SEVENTEEN,Hot,"13,816",,,,,
Music Bank,05-27-2022,1.0,ASTRO,Candy Sugar Pop,"6,561",,,,,
Music Bank,05-20-2022,1.0,TOMORROW X TOGETHER,Good Boy Gone Bad,"12,610",,,,,
Music Bank,05-13-2022,1.0,LE SSERAFIM,FEARLESS,"7,331",,,,,
Music Bank,05-06-2022,1.0,MONSTA X,Love,"8,499",,,,,
Music Bank,04-29-2022,1.0,IVE,LOVE DIVE,"6,959",,,,,
Music Bank,04-22-2022,1.0,IVE,LOVE DIVE,"7,324",,,,,
Music Bank,04-15-2022,1.0,IVE,LOVE DIVE,"12,095",,,,,
Music Bank,04-08-2022,1.0,NCT DREAM,Glitch Mode,"10,718",,,,,
Music Bank,04-01-2022,1.0,Red Velvet,Feel My Rhythm,"8,416",,,,,
Music Bank,03-25-2022,1.0,STRAY KIDS,Maniac,"10,596",,,,,
Music Bank,03-18-2022,1.0,Taeyeon,INVU,"9,989",,,,,
Music Bank,03-11-2022,1.0,STAYC,RUN2U,"4,719",,,,,
Music Bank,03-04-2022,1.0,STAYC,RUN2U,"6,821",,,,,
Music Bank,02-25-2022,1.0,TREASURE,JIKJIN,"4,520",,,,,
Music Bank,02-18-2022,1.0,IVE,ELEVEN,"2,566",,,,,
Music Bank,02-11-2022,1.0,IVE,ELEVEN,"3,058",,,,,
Music Bank,02-04-2022,1.0,PENTAGON,Feelin' Like,"3,426",,,,,
Music Bank,01-28-2022,1.0,IU,Winter Sleep,"2,949",,,,,
Music Bank,01-21-2022,1.0,ENHYPEN,Blessed-Cursed,"8,377",,,,,
Music Bank,01-14-2022,1.0,Kep1er,WA DA DA,"3,678",,,,,
Music Bank,01-07-2022,1.0,NCT U,Universe (Let's Play Ball),"5,930",,,,,
Music Bank,12-22-2023,1.0,ATEEZ,Crazy Form,"5,411",5,"3,482",485,"1,421",18.0
Music Bank,12-22-2023,2.0,EXO,The First Snow,"3,515","1,458",8,"2,000",0,49.0
Music Bank,12-15-2023,1.0,ATEEZ,Crazy Form,"6,348",8,"3,555","1,917",851,17.0
Music Bank,12-15-2023,2.0,Jung Kook,Seven (feat. Latto),"5,124","1,421",0,"2,000","1,255",448.0
Music Bank,12-15-2023,3.0,LE SSERAFIM,Perfect Night,"2,632","2,418",0,4,0,210.0
Music Bank,12-15-2023,4.0,aespa,Drama,"2,526","2,179",24,23,176,124.0
Music Bank,12-15-2023,5.0,IVE,Baddie,"2,188","1,910",8,8,203,59.0
Music Bank,12-08-2023,1.0,ATEEZ,Crazy Form,"10,386",31,"1,774","1,646","6,917",18.0
Music Bank,12-08-2023,3.0,LE SSERAFIM,Perfect Night,"2,544","2,307",15,5,0,217.0
Music Bank,12-08-2023,4.0,Taeyeon,To. X,"2,338","1,839",38,0,453,8.0
Music Bank,12-08-2023,5.0,aespa,Drama,"2,180","2,038",0,4,11,127.0
Music Bank,12-01-2023,1.0,THE BOYZ,Watch It,"7,511",102,"3,605",0,"3,802",2.0
Music Bank,12-01-2023,2.0,ZEROBASEONE,CRUSH,"5,127",154,"2,431","2,000",527,15.0
Music Bank,11-24-2023,1.0,ENHYPEN,Sweet Venom,"11,542",5,"3,377","1,998","6,134",28.0
Music Bank,11-24-2023,2.0,Red Velvet,Chill Kill,"5,819",950,"3,400",76,"1,362",31.0
Music Bank,11-17-2023,1.0,STRAY KIDS,LA LA LA LA,"10,481",128,"3,245","2,000","5,062",46.0
Music Bank,11-17-2023,2.0,ZEROBASEONE,CRUSH,"8,722",178,"4,402","1,975","2,162",5.0
Music Bank,11-10-2023,1.0,Jung Kook,Seven (feat. Latto),"9,776","1,652",0,"2,000","5,804",320.0
Music Bank,11-10-2023,2.0,TAEMIN,Guilty,"5,914",134,"3,328","1,698",748,6.0
Music Bank,11-03-2023,1.0,SEVENTEEN,God of Music,"16,281","1,236","3,715","2,000","9,282",48.0
Music Bank,11-03-2023,2.0,IVE,Baddie,"3,478","2,027","1,059",268,8,116.0
Music Bank,10-27-2023,1.0,TOMORROW X TOGETHER,Chasing That Feeling,"5,906",376,"2,941","2,000",530,59.0
Music Bank,10-27-2023,2.0,IVE,Either Way,"4,821","2,128",0,400,"2,200",93.0
Music Bank,10-20-2023,1.0,TOMORROW X TOGETHER,Chasing That Feeling,"8,897",63,"1,908","1,972","4,941",15.0
Music Bank,10-20-2023,2.0,NCT 127,Fact Check,"5,714",703,"1,908","2,000","1,054",49.0
Music Bank,10-20-2023,3.0,IVE,Either Way,"5,067","1,761",0,114,"3,156",36.0
Music Bank,10-20-2023,4.0,IVE,Baddie,"3,350",413,"2,900",1,0,36.0
Music Bank,10-20-2023,5.0,Jung Kook,3D,"3,202",669,"1,916",51,0,566.0
Music Bank,10-13-2023,1.0,NCT 127,Fact Check,"8,896",299,0,"2,000","6,585",12.0
Music Bank,10-13-2023,2.0,Jung Kook,3D,"4,694",798,"1,829","1,608",0,459.0
Music Bank,10-06-2023,1.0,ONEUS,Baila Conmigo,"5,408",17,"1,800","2,000","1,591",0.0
Music Bank,10-06-2023,2.0,RIIZE,Get A Guitar,"3,768",711,0,2,"3,019",36.0
Music Bank,10-06-2023,3.0,AKMU,Love Lee,"3,345","3,070",14,0,0,261.0
Music Bank,09-29-2023,1.0,TEMPEST,Vroom Vroom,"5,914",,,,,
Music Bank,09-29-2023,2.0,AKMU,Love Lee,"3,366",,,,,
Music Bank,09-29-2023,3.0,V,Slow Dancing,"2,776",,,,,
Music Bank,09-29-2023,4.0,NewJeans,Super Shy,"2,672",,,,,
Music Bank,09-29-2023,5.0,NewJeans,ETA,"2,633",,,,,
Music Bank,09-22-2023,1.0,V,Slow Dancing,"6,587",437,"2,121","2,000","1,942",87.0
Music Bank,09-22-2023,2.0,Cravity,Ready Or Not,"6,553",20,"2,912","1,047","2,573",1.0
Music Bank,09-15-2023,1.0,V,Slow Dancing,"9,234",154,"1,391","2,000","5,643",46.0
Music Bank,09-15-2023,2.0,RIIZE,Get A Guitar,"5,039",359,"1,016","1,558","2,098",8.0
Music Bank,09-08-2023,1.0,NCT U,Baggy Jeans,"11,881",319,"2,697","1,551","7,283",31.0
Music Bank,09-08-2023,2.0,Jung Kook,Seven (feat. Latto),"4,135","2,545",15,"1,142",0,433.0
Music Bank,09-01-2023,1.0,STAYC,Bubble,"5,928",889,"4,223",589,213,14.0
Music Bank,09-01-2023,2.0,JIHYO,Killin' Me Good,"4,991",93,"2,708","2,000",187,3.0
Music Bank,08-25-2023,1.0,JIHYO,Killin' Me Good,"5,525",5,"1,747","2,000","1,773",0.0
Music Bank,08-25-2023,2.0,STAYC,Bubble,"5,288",432,"3,386",359,"1,107",4.0
Music Bank,08-18-2023,1.0,THE BOYZ,LIP GLOSS,"7,306",271,"3,481","1,469","2,081",4.0
Music Bank,08-18-2023,2.0,NewJeans,Super Shy,"5,732","3,437","1,674",111,68,442.0
Music Bank,08-11-2023,1.0,ITZY,CAKE,"10,866",430,"4,444","1,915","4,054",23.0
Music Bank,08-11-2023,2.0,NewJeans,Super Shy,"5,885","3,659","1,326",104,377,419.0
Music Bank,08-11-2023,3.0,Oh My Girl,Summer Comes,"4,704",768,"3,831",9,93,3.0
Music Bank,08-11-2023,4.0,NewJeans,ETA,"3,577","3,134",23,1,0,419.0
Music Bank,08-11-2023,5.0,Jung Kook,Seven (feat. Latto),"3,455","2,796",8,50,0,601.0
Music Bank,08-04-2023,1.0,NCT DREAM,ISTJ,"6,122",843,"1,528","2,000","1,700",51.0
Music Bank,08-04-2023,2.0,TREASURE,BONA BONA,"5,611",7,0,0,"5,582",22.0
Music Bank,07-28-2023,1.0,NCT DREAM,ISTJ,"11,841",910,"2,904","2,000","5,982",45.0
Music Bank,07-28-2023,2.0,NewJeans,Super Shy,"8,701","3,639","1,515",29,"3,111",407.0
Music Bank,07-21-2023,1.0,EXO,Cream Soda,"7,269",555,"2,715",0,"3,935",64.0
Music Bank,07-21-2023,2.0,ZEROBASEONE,In Bloom,"6,368",471,"1,283","2,000","2,610",4.0
Music Bank,07-14-2023,1.0,(G)I-DLE,Queencard,"5,154","2,986",23,535,"1,404",206.0
Music Bank,07-14-2023,2.0,SHINee,HARD,"4,556",604,"1,030","2,000",891,31.0
Music Bank,07-07-2023,1.0,SHINee,HARD,"6,453",621,"2,764","2,000","1,052",16.0
Music Bank,07-07-2023,2.0,SEVENTEEN,World,"4,175","1,317",0,"1,113","1,702",43.0
Music Bank,06-30-2023,1.0,ATEEZ,Bouncy (K-Hot Chilli Peppers),"7,410",7,"3,376","2,000","1,959",68.0
Music Bank,06-30-2023,2.0,SEVENTEEN,Super,"5,098","1,402",15,"1,702","1,939",40.0
Music Bank,06-23-2023,1.0,ATEEZ,Bouncy (K-Hot Chilli Peppers),"11,624",10,"3,423","2,000","6,178",13.0
Music Bank,06-23-2023,2.0,STRAY KIDS,S-Class,"4,036",551,"1,692",585,"1,065",143.0
Music Bank,06-16-2023,1.0,STRAY KIDS,S-Class,"8,333",618,"2,822","1,676","3,105",112.0
Music Bank,06-16-2023,2.0,Taeyoung,SHALALA,"6,053",44,"2,220","1,663","2,118",8.0
Music Bank,06-09-2023,1.0,STRAY KIDS,S-Class,"13,481",175,"3,388","2,000","7,853",65.0
Music Bank,06-09-2023,2.0,(G)I-DLE,Queencard,"5,037","3,733",976,7,55,266.0
Music Bank,06-02-2023,1.0,ENHYPEN,Bite Me,"12,595",25,"3,790","1,995","6,741",44.0
Music Bank,06-02-2023,2.0,(G)I-DLE,Queencard,"5,909","3,218","2,122",14,277,278.0
Music Bank,05-26-2023,1.0,(G)I-DLE,Queencard,"10,487",,,,,
Music Bank,05-19-2023,1.0,aespa,Spicy,"11,842",,,,,
Music Bank,05-19-2023,2.0,LE SSERAFIM,UNFORGIVEN (Feat. Nile Rodgers),"7,313",,,,,
Music Bank,05-12-2023,1.0,LE SSERAFIM,UNFORGIVEN (Feat. Nile Rodgers),"13,498","2,555","3,553",555,"6,753",82.0
Music Bank,05-12-2023,2.0,SEVENTEEN,Super,"5,135","1,875","2,878",332,0,50.0
Music Bank,05-05-2023,1.0,SEVENTEEN,Super,"13,059",,,,,
Music Bank,04-28-2023,1.0,NCT DoJaeJung,Perfume,"8,350",,,,,
Music Bank,04-21-2023,1.0,IVE,I Am,"14,690",,,,,
Music Bank,04-14-2023,1.0,Jisoo,Flower,"7,140",,,,,
Music Bank,04-07-2023,1.0,Jimin,Like Crazy,"7,682",,,,,
Music Bank,03-31-2023,1.0,Jimin,Like Crazy,"9,198",,,,,
Music Bank,03-24-2023,1.0,Kai,Rover,"8,161",,,,,
Music Bank,03-17-2023,1.0,Twice,Set Me Free,"12,587",,,,,
Music Bank,03-10-2023,1.0,THE BOYZ,Roar,"6,013",,,,,
Music Bank,03-03-2023,1.0,THE BOYZ,Roar,"8,514",,,,,
Music Bank,02-24-2023,1.0,STAYC,Teddy Bear,"7,566",,,,,
Music Bank,02-17-2023,1.0,BSS,Fighting,"8,828",,,,,
Music Bank,02-10-2023,1.0,NCT 127,Ay-Yo,"11,861",,,,,
Music Bank,02-03-2023,1.0,TOMORROW X TOGETHER,Sugar Rush Ride,"13,245",,,,,
Music Bank,01-27-2023,1.0,NewJeans,OMG,"7,612",,,,,
Music Bank,01-20-2023,1.0,MONSTA X,Beautiful Liar,"10,600",,,,,
Music Bank,01-13-2023,1.0,NewJeans,Ditto,"11,011",,,,,
Music Bank,01-06-2023,1.0,ATEEZ,Halazia,"8,793",,,,,
Music Bank,12-20-2024,1.0,STRAY KIDS,Walkin On Water,"8,556",53,0,0,"8,363",140.0
Music Bank,12-20-2024,2.0,Twice,Strategy (ft. Megan Thee Stallion),"5,786",87,"3,447","1,907",170,175.0
Music Bank,12-20-2024,3.0,ROSÉ,APT (with Bruno Mars),"3,708","3,113",0,18,577,0.0
Music Bank,12-20-2024,4.0,Cravity,Now or Never,"3,483",3,"3,049",353,77,1.0
Music Bank,12-13-2024,1.0,Twice,Strategy (ft. Megan Thee Stallion),"10,488",5,"2,884","2,000","5,517",102.0
Music Bank,12-13-2024,2.0,Cravity,Now or Never,"5,840",20,"2,874","1,446","1,499",1.0
Music Bank,12-13-2024,3.0,ROSÉ,APT (with Bruno Mars),"4,891","3,264",11,6,"1,610",0.0
Music Bank,12-13-2024,4.0,aespa,Whiplash,"3,136","2,890",32,0,97,117.0
Music Bank,12-13-2024,5.0,G-Dragon,POWER,"2,408","2,231",0,0,0,177.0
Music Bank,12-06-2024,1.0,WayV,FREQUENCY,"6,354",19,"2,454","1,877","1,997",7.0
Music Bank,12-06-2024,2.0,TWS,Last Festival,"5,994",39,"2,814",415,"2,704",22.0
Music Bank,11-29-2024,1.0,ATEEZ,Ice On My Teeth,"9,219",21,"3,503","2,000","3,632",63.0
Music Bank,11-29-2024,2.0,ROSÉ,APT (with Bruno Mars),"3,756","3,725",31,0,0,0.0
Music Bank,11-22-2024,1.0,NCT DREAM,When I'm With You,"8,016",315,"3,020","2,000","2,635",46.0
Music Bank,11-22-2024,2.0,ENHYPEN,No Doubt,"7,709",11,"3,010","1,888","2,703",97.0
Music Bank,11-15-2024,1.0,TOMORROW X TOGETHER,Over The Moon,"11,171",354,"2,083","2,000","6,670",64.0
Music Bank,11-15-2024,2.0,ROSÉ,APT (with Bruno Mars),"4,700","4,668",32,0,0,0.0
Music Bank,11-08-2024,1.0,THE BOYZ,TRIGGER,"7,275",125,"3,912","2,000","1,228",10.0
Music Bank,11-08-2024,2.0,aespa,Whiplash,"6,388","3,167","2,636",44,392,149.0
Music Bank,11-01-2024,1.0,aespa,Whiplash,"11,082","2,094","2,499","1,885","4,445",159.0
Music Bank,11-01-2024,2.0,ILLIT,Cherish (My Love),"7,418",567,"3,734",201,"2,763",153.0
Music Bank,10-25-2024,1.0,SEVENTEEN,"LOVE, MONEY, FAME","10,051",838,"2,581",0,"6,507",125.0
Music Bank,10-25-2024,2.0,ITZY,GOLD,"5,574",48,"2,153","2,000","1,291",82.0
Music Bank,10-18-2024,1.0,The Wind,"Hello, My First Love","5,556",8,"3,756","1,481",310,1.0
Music Bank,10-18-2024,2.0,QWER,My Name Is Malgeum,"4,381","2,266",10,"2,000",19,86.0
Music Bank,10-11-2024,1.0,VANNER,Automatic,"6,788",3,"2,936","2,000","1,849",0.0
Music Bank,10-11-2024,2.0,NCT WISH,Steady,"5,531",240,"2,946","1,023","1,317",5.0
Music Bank,10-11-2024,3.0,YENA,NEMONEMO,"3,146",5,"2,563",0,572,6.0
Music Bank,10-04-2024,1.0,NCT WISH,Steady,"10,037",199,"3,959","2,000","3,873",6.0
Music Bank,10-04-2024,2.0,Kang Daniel,Electric Shock,"4,234",67,"3,557",0,607,3.0
Music Bank,09-27-2024,1.0,P1Harmony,SAD SONG,"6,864",5,"3,028","1,660","2,168",3.0
Music Bank,09-27-2024,2.0,RIIZE,Boom Boom Bass,"5,628",758,0,"2,000","2,841",29.0
Music Bank,09-20-2024,1.0,BOYNEXTDOOR,Nice Guy,"11,574",439,"3,671","2,000","5,446",18.0
Music Bank,09-20-2024,2.0,DAY6,Melt Down,"3,397","1,874","1,302",38,73,110.0
Music Bank,09-13-2024,1.0,Baekhyun,Pineapple Slice,"5,939",10,"2,419",0,"3,503",7.0
Music Bank,09-13-2024,2.0,Tzuyu,Run Away,"5,345",6,"2,010","2,000","1,304",25.0
Music Bank,09-06-2024,1.0,ZEROBASEONE,GOOD SO BAD,"9,408",222,"2,876","2,000","4,283",27.0
Music Bank,09-06-2024,2.0,LE SSERAFIM,CRAZY,"7,155",313,"3,639",197,"2,927",79.0
Music Bank,08-30-2024,1.0,NMIXX,See that?,"11,821",533,"3,749","2,000","5,511",28.0
Music Bank,08-30-2024,2.0,TAEMIN,Sexy In The Air,"3,766",60,"2,565",0,"1,129",12.0
Music Bank,08-23-2024,1.0,fromis_9,Supersonic,"7,019",344,"2,442","2,000","2,218",15.0
Music Bank,08-23-2024,2.0,aespa,Supernova,"3,164","2,550",29,13,349,223.0
Music Bank,08-16-2024,1.0,STRAY KIDS,Chk Chk Boom,"8,031",500,"3,609","1,900","1,646",376.0
Music Bank,08-16-2024,2.0,aespa,Supernova,"3,601","2,592",19,37,730,223.0
Music Bank,08-09-2024,1.0,NCT 127,Walk,"6,453",612,"1,819","1,938","2,045",39.0
Music Bank,08-09-2024,2.0,STRAY KIDS,Chk Chk Boom,"6,111",496,"3,000","1,433",762,420.0
Music Bank,08-09-2024,3.0,ENHYPEN,Brought The Heat Back,"3,207",4,0,0,"2,991",212.0
Music Bank,08-02-2024,1.0,NCT 127,Walk,"8,335",619,"3,727","2,000","1,938",51.0
Music Bank,08-02-2024,2.0,STRAY KIDS,Chk Chk Boom,"6,340",498,"3,034","1,699",793,316.0
Music Bank,08-02-2024,3.0,ENHYPEN,XO (Only If You Say Yes),"3,815",4,947,164,"2,553",147.0
Music Bank,07-26-2024,1.0,STRAY KIDS,Chk Chk Boom,"11,462",118,"3,571","1,813","5,873",87.0
Music Bank,07-26-2024,2.0,NCT 127,Walk,"7,029",587,"2,847","2,000","1,563",32.0
Music Bank,07-19-2024,1.0,ENHYPEN,XO (Only If You Say Yes),"11,233",11,"2,868","2,000","6,260",94.0
Music Bank,07-19-2024,2.0,(G)I-DLE,Klaxon,"7,239",908,"3,249",196,"2,788",98.0
Music Bank,07-12-2024,1.0,STAYC,Cheeky Icy Thang,"7,502",228,"4,400","2,000",859,15.0
Music Bank,07-12-2024,2.0,NCT WISH,Songbird,"6,959",3,"1,503","1,975","3,474",4.0
Music Bank,07-05-2024,1.0,TWS,"If I'm S, Can You Be My N?","10,430",480,"3,768","2,000","4,171",11.0
Music Bank,07-05-2024,2.0,Red Velvet,Cosmic,"7,148",628,"2,999","1,939","1,529",53.0
Music Bank,06-28-2024,1.0,RIIZE,Boom Boom Bass,"9,979",747,"2,438","2,000","4,755",39.0
Music Bank,06-28-2024,2.0,aespa,Supernova,"3,975","3,426",29,4,134,382.0
Music Bank,06-21-2024,1.0,Nayeon,ABCD,"8,864",6,"2,566","2,000","4,079",13.0
Music Bank,06-21-2024,2.0,aespa,Supernova,"5,112","3,646",9,874,191,392.0
Music Bank,06-14-2024,1.0,aespa,Supernova,"7,493","3,768","1,223",113,"1,932",457.0
Music Bank,06-14-2024,2.0,WayV,Give me That,"7,216",13,"2,288","2,000","2,912",3.0
Music Bank,06-07-2024,1.0,ATEEZ,WORK,"10,828",19,"3,625","2,000","5,167",17.0
Music Bank,06-07-2024,2.0,aespa,Supernova,"9,876","3,882","1,009","1,347","3,288",350.0
Music Bank,05-31-2024,1.0,NewJeans,How Sweet,"9,836","1,052","2,156","1,942","4,494",192.0
Music Bank,05-31-2024,2.0,aespa,Supernova,"5,272","3,441",982,339,0,510.0
Music Bank,05-24-2024,1.0,ZEROBASEONE,Feel The POP,"13,101",55,"4,079","2,000","6,942",25.0
Music Bank,05-24-2024,2.0,aespa,Supernova,"4,569","1,816","2,351",37,0,365.0
Music Bank,05-17-2024,1.0,SEVENTEEN,MAESTRO,"7,216","1,063","2,118","2,000","1,903",132.0
Music Bank,05-17-2024,2.0,IVE,HEYA,"6,991","2,593","3,167","1,027",106,98.0
Music Bank,05-10-2024,1.0,SEVENTEEN,MAESTRO,"8,614","1,100","2,707","2,000","2,682",125.0
Music Bank,05-10-2024,2.0,IVE,HEYA,"7,697","1,852","3,482",892,"1,394",77.0
Music Bank,05-03-2024,1.0,Lee Chan-won,A Travel to the Sky,"7,227",24,"2,151","1,840","3,211",1.0
Music Bank,05-03-2024,2.0,ILLIT,Magnetic,"4,678","3,170","1,412",11,0,85.0
Music Bank,04-26-2024,1.0,BOYNEXTDOOR,"Earth, Wind & Fire","11,210",206,"4,953",335,"5,703",13.0
Music Bank,04-26-2024,2.0,ILLIT,Magnetic,"6,026","3,151","2,199",3,627,46.0
Music Bank,04-19-2024,1.0,ILLIT,Magnetic,"5,096","3,064","1,237",25,710,60.0
Music Bank,04-19-2024,2.0,TOMORROW X TOGETHER,Deja Vu,"3,792",449,"1,594",937,766,46.0
Music Bank,04-19-2024,3.0,ONF,Bye My Monster,"3,463",19,"2,719",54,669,2.0
Music Bank,04-12-2024,1.0,TOMORROW X TOGETHER,Deja Vu,"10,327",475,"2,334","2,000","5,467",51.0
Music Bank,04-12-2024,2.0,ILLIT,Magnetic,"5,064","2,466","1,959",303,287,49.0
Music Bank,04-05-2024,1.0,NCT DREAM,Smoothie,"11,596",613,"2,574","2,000","6,354",55.0
Music Bank,04-05-2024,2.0,ILLIT,Magnetic,"4,913",903,"2,614",518,860,18.0
Music Bank,03-29-2024,1.0,THE BOYZ,Nectar,"9,747",91,"2,749","2,000","4,902",5.0
Music Bank,03-29-2024,2.0,(G)I-DLE,Fate,"3,794","3,250",23,144,251,126.0
Music Bank,03-22-2024,1.0,Highlight,BODY,"7,255",247,"4,659","1,388",959,2.0
Music Bank,03-22-2024,2.0,WENDY,Wish You Hell,"6,892",226,"3,175","2,000","1,489",2.0
Music Bank,03-15-2024,1.0,LE SSERAFIM,EASY,"4,492","2,368","1,712",36,198,178.0
Music Bank,03-15-2024,2.0,NCT WISH,WISH,"4,374",22,"1,330",667,"2,354",1.0
Music Bank,03-08-2024,1.0,Cravity,Love or Die,"7,432",10,"3,527","2,000","1,894",1.0
Music Bank,03-08-2024,2.0,LE SSERAFIM,EASY,"5,033","2,080","2,293",172,282,206.0
Music Bank,03-01-2024,1.0,LE SSERAFIM,EASY,"9,874","1,156","3,555",930,"4,016",217.0
Music Bank,03-01-2024,2.0,Twice,ONE SPARK,"8,165",36,"1,932","2,000","3,838",359.0
Music Bank,02-23-2024,1.0,TWS,plot twist,"4,896","2,090","1,483",716,600,7.0
Music Bank,02-23-2024,2.0,TEN,Nightwalker,"3,739",0,0,"2,000","1,728",3.0
Music Bank,02-16-2024,1.0,P1Harmony,Killin' It,"8,694",6,"3,451","2,000","3,233",4.0
Music Bank,02-16-2024,2.0,(G)I-DLE,Super Lady,"4,574","1,271","3,063",167,0,73.0
Music Bank,02-09-2024,1.0,IU,Love wins all,"3,389","3,007",39,302,0,41.0
Music Bank,02-09-2024,2.0,(G)I-DLE,Super Lady,"3,207",797,"1,988",344,0,78.0
Music Bank,02-09-2024,3.0,BTS,Dynamite,"2,887",528,8,"2,000",7,344.0
Music Bank,02-02-2024,1.0,EVNNE,UGLY,"6,734",9,"2,787","2,000","1,937",1.0
Music Bank,02-02-2024,2.0,TWS,plot twist,"5,999",230,"2,795",199,"2,774",1.0
Music Bank,01-26-2024,1.0,NMIXX,DASH,"11,952",360,"3,297","1,260","7,014",21.0
Music Bank,01-26-2024,2.0,JD1,who Am I,"2,499",85,"1,893",521,0,0.0
Music Bank,04-04-2025,1.0,TEN,STUNNER,"7,752",28,"4,050","2,000","1,666",8.0
Music Bank,04-04-2025,2.0,KiiiKiii,I DO ME,"7,148","1,242","3,613",56,"2,218",19.0
Music Bank,03-28-2025,1.0,NMIXX,KNOW ABOUT ME,"11,040",296,"4,804","2,000","3,924",16.0
Music Bank,03-28-2025,2.0,THE BOYZ,VVV,"6,667",32,"2,675","1,813","2,144",3.0
Music Bank,03-21-2025,1.0,LE SSERAFIM,HOT,"9,917",206,"4,500","2,000","3,157",54.0
Music Bank,03-21-2025,2.0,G-Dragon,TOO BAD (feat. Anderson Paak),"5,694","3,276",12,"1,933",371,102.0
Music Bank,03-14-2025,1.0,G-Dragon,TOO BAD (feat. Anderson Paak),"6,271","3,540",25,"2,000",561,145.0
Music Bank,03-14-2025,2.0,Infinite,Dangerous,"3,746",12,"3,053",0,678,3.0
Music Bank,03-07-2025,1.0,ZEROBASEONE,BLUE,"10,235",134,"3,530","2,000","4,563",8.0
Music Bank,03-07-2025,2.0,Hearts2Hearts,The Chase,"5,400",323,"3,530",41,"1,484",22.0
Music Bank,02-28-2025,1.0,ONF,The Stranger,"7,680",84,"3,297","2,000","2,296",3.0
Music Bank,02-28-2025,2.0,IVE,REBEL HEART,"3,885","2,797",785,78,52,173.0
Music Bank,02-21-2025,1.0,EVNNE,HOT MESS,"8,166",11,"3,835","2,000","2,319",1.0
Music Bank,02-21-2025,2.0,IVE,REBEL HEART,"5,649","2,756","1,212",974,532,175.0
Music Bank,02-14-2025,1.0,IVE,REBEL HEART,"11,520","2,576","1,757","2,000","5,019",168.0
Music Bank,02-14-2025,2.0,IVE,ATTITUDE,"4,890",958,"3,513",251,0,168.0
Music Bank,02-07-2025,1.0,Eunhyuk,UP N DOWN,"7,917",11,"1,800","2,000","4,105",1.0
Music Bank,02-07-2025,2.0,IVE,REBEL HEART,"5,014","2,280","2,577",23,0,134.0
Music Bank,01-31-2025,1.0,MINNIE,HER,"7,505",11,"3,536","2,000","1,945",13.0
Music Bank,01-31-2025,2.0,IVE,REBEL HEART,"4,148","2,039","1,911",57,0,141.0
Music Bank,01-31-2025,3.0,GOT7,PYTHON,"3,584",102,"1,899",0,"1,556",27.0
Music Bank,01-31-2025,4.0,aespa,Whiplash,"2,462","2,282",11,0,35,134.0
Music Bank,01-31-2025,5.0,ROSÉ,APT (with Bruno Mars),"2,357","2,316",0,0,41,0.0
Music Bank,01-24-2025,1.0,IVE,REBEL HEART,"4,356","1,212","2,945",105,0,94.0
Music Bank,01-24-2025,2.0,Hwang Karam,I'm Firefly,"3,531","2,224","1,300",0,0,7.0
Music Bank,01-17-2025,1.0,BSS,CBZ (Prime time),"10,191",419,"3,065",0,"6,687",20.0
Music Bank,01-17-2025,2.0,BOYNEXTDOOR,"If I Say, I LOVE OU","3,922",806,"3,088",0,0,28.0
Music Bank,01-10-2025,1.0,n.Ssign,Love Potion,"7,525",6,"4,200","2,000","1,317",2.0
Music Bank,01-10-2025,2.0,ROSÉ,APT (with Bruno Mars),"3,379","2,736",0,0,643,0.0
Music Bank,01-03-2025,1.0,ROSÉ,APT (with Bruno Mars),"4,087","2,894",36,5,"1,152",0.0
Music Bank,01-03-2025,2.0,STRAY KIDS,Walkin On Water,"3,433",89,12,"2,000","1,105",227.0
Music Bank,01-03-2025,3.0,aespa,Whiplash,"3,000","2,598",24,67,139,172.0
