,Episode,Date,Artist,Song,Points,Award Show,Search Query
0,"1,121","January 9, 2022",Ive,Eleven,8533,Inkigayo,track:Eleven artist:Ive year:2000-2022
1,"1,122","January 16, 2022",Ive,Eleven,6583,Inkigayo,track:Eleven artist:Ive year:2000-2022
2,"1,123","January 23, 2022",Ive,Eleven,5927,Inkigayo,track:Eleven artist:Ive year:2000-2022
3,"1,124","January 30, 2022",Got the Beat,Step Back,5612,Inkigayo,track:Step Back artist:Got the Beat year:2000-2022
4,"1,125","February 20, 2022",Got the Beat,Step Back,7224,Inkigayo,track:Step Back artist:Got the Beat year:2000-2022
5,"1,126","February 27, 2022",Taeyeon,INVU,7041,Inkigayo,track:INVU artist:Taeyeon year:2000-2022
6,"1,127","March 6, 2022",Taeyeon,INVU,6783,Inkigayo,track:INVU artist:Taeyeon year:2000-2022
7,"1,128","March 13, 2022",Taeyeon,INVU,7083,Inkigayo,track:INVU artist:Taeyeon year:2000-2022
8,"1,129","March 20, 2022",Kim Min-seok,Drunken Confession,5514,Inkigayo,track:Drunken Confession artist:Kim Min-seok year:2000-2022
9,"1,130","March 27, 2022",(G)I-dle,Tomboy,8037,Inkigayo,track:Tomboy artist:(G)I-dle year:2000-2022
10,"1,131","April 3, 2022",(G)I-dle,Tomboy,9648  ,Inkigayo,track:Tomboy artist:(G)I-dle year:2000-2022
11,"1,132","April 10, 2022",NCT Dream,Glitch Mode,6845,Inkigayo,track:Glitch Mode artist:NCT Dream year:2000-2022
12,"1,133","April 17, 2022",Big Bang,Still Life,8673,Inkigayo,track:Still Life artist:Big Bang year:2000-2022
13,"1,134","April 24, 2022",Big Bang,Still Life,9394,Inkigayo,track:Still Life artist:Big Bang year:2000-2022
14,"1,135","May 1, 2022",Big Bang,Still Life,8681,Inkigayo,track:Still Life artist:Big Bang year:2000-2022
15,"1,136","May 8, 2022",Ive,Love Dive,6726,Inkigayo,track:Love Dive artist:Ive year:2000-2022
16,"1,137","May 15, 2022",Psy,That That,9402,Inkigayo,track:That That artist:Psy year:2000-2022
17,"1,138","May 22, 2022",Psy,That That,9108,Inkigayo,track:That That artist:Psy year:2000-2022
18,"1,139","May 29, 2022",Psy,That That,7620,Inkigayo,track:That That artist:Psy year:2000-2022
19,"1,140","June 5, 2022",(G)I-dle,Tomboy,6314,Inkigayo,track:Tomboy artist:(G)I-dle year:2000-2022
20,"1,141","June 12, 2022",NCT Dream,Beatbox,7292,Inkigayo,track:Beatbox artist:NCT Dream year:2000-2022
21,"1,142","June 19, 2022",BTS,Yet to Come,7007,Inkigayo,track:Yet to Come artist:BTS year:2000-2022
22,"1,143","June 26, 2022",BTS,Yet to Come,9479,Inkigayo,track:Yet to Come artist:BTS year:2000-2022
23,"1,144","July 3, 2022",Ive,Love Dive,6126,Inkigayo,track:Love Dive artist:Ive year:2000-2022
24,"1,145","July 10, 2022",Nayeon,Pop!,6922,Inkigayo,track:Pop! artist:Nayeon year:2000-2022
25,"1,146","July 17, 2022",Ive,Love Dive,5955,Inkigayo,track:Love Dive artist:Ive year:2000-2022
26,"1,147","July 24, 2022",Nayeon,Pop!,7103,Inkigayo,track:Pop! artist:Nayeon year:2000-2022
27,"1,148","July 31, 2022",Seventeen,_World,7092,Inkigayo,track:_World artist:Seventeen year:2000-2022
28,"1,149","August 7, 2022",Nayeon,Pop!,7201,Inkigayo,track:Pop! artist:Nayeon year:2000-2022
29,"1,150","August 14, 2022",Itzy,Sneakers,7353,Inkigayo,track:Sneakers artist:Itzy year:2000-2022
30,"1,151","August 21, 2022",NewJeans,Attention,8273,Inkigayo,track:Attention artist:NewJeans year:2000-2022
31,"1,152","August 28, 2022",NewJeans,Attention,6300,Inkigayo,track:Attention artist:NewJeans year:2000-2022
32,"1,153","September 4, 2022",Blackpink,Pink Venom,9292,Inkigayo,track:Pink Venom artist:Blackpink year:2000-2022
33,"1,154","September 18, 2022",Blackpink,Pink Venom,7977,Inkigayo,track:Pink Venom artist:Blackpink year:2000-2022
34,"1,155","September 25, 2022",Blackpink,Pink Venom,7129,Inkigayo,track:Pink Venom artist:Blackpink year:2000-2022
35,"1,156","October 2, 2022",Blackpink,Shut Down,9077,Inkigayo,track:Shut Down artist:Blackpink year:2000-2022
36,"1,157","October 9, 2022",Blackpink,Shut Down,8991,Inkigayo,track:Shut Down artist:Blackpink year:2000-2022
37,"1,158","October 16, 2022",Blackpink,Shut Down,7641,Inkigayo,track:Shut Down artist:Blackpink year:2000-2022
38,"1,159","October 23, 2022",Ive,After Like,7038,Inkigayo,track:After Like artist:Ive year:2000-2022
39,"1,160","November 6, 2022",(G)I-dle,Nxde,9409,Inkigayo,track:Nxde artist:(G)I-dle year:2000-2022
40,"1,161","November 13, 2022",(G)I-dle,Nxde,9164,Inkigayo,track:Nxde artist:(G)I-dle year:2000-2022
41,"1,162","November 20, 2022",(G)I-dle,Nxde,6624,Inkigayo,track:Nxde artist:(G)I-dle year:2000-2022
42,"1,163","November 27, 2022",Younha,Event Horizon,6482,Inkigayo,track:Event Horizon artist:Younha year:2000-2022
43,"1,164","December 4, 2022",Younha,Event Horizon,6319,Inkigayo,track:Event Horizon artist:Younha year:2000-2022
44,"1,165","December 11, 2022",Younha,Event Horizon,6164,Inkigayo,track:Event Horizon artist:Younha year:2000-2022
45,"1,166","January 8, 2023",NewJeans,Ditto,6719,Inkigayo,track:Ditto artist:NewJeans year:2000-2023
46,"1,167","January 15, 2023",NewJeans,OMG,8795,Inkigayo,track:OMG artist:NewJeans year:2000-2023
47,"1,168","January 29, 2023",NewJeans,Ditto,7119,Inkigayo,track:Ditto artist:NewJeans year:2000-2023
48,"1,169","February 5, 2023",NewJeans,Ditto,6006,Inkigayo,track:Ditto artist:NewJeans year:2000-2023
49,"1,170","February 12, 2023",Tomorrow X Together,Sugar Rush Ride,7233,Inkigayo,track:Sugar Rush Ride artist:Tomorrow X Together year:2000-2023
50,"1,171","February 19, 2023",BSS,Fighting,8165,Inkigayo,track:Fighting artist:BSS year:2000-2023
51,"1,172","February 26, 2023",STAYC,Teddy Bear,5774,Inkigayo,track:Teddy Bear artist:STAYC year:2000-2023
52,"1,173","March 5, 2023",The Boyz,Roar,6463,Inkigayo,track:Roar artist:The Boyz year:2000-2023
53,"1,174","March 19, 2023",NewJeans,OMG,5781,Inkigayo,track:OMG artist:NewJeans year:2000-2023
54,"1,175","March 26, 2023",NewJeans,OMG,6309,Inkigayo,track:OMG artist:NewJeans year:2000-2023
55,"1,176","April 2, 2023",NewJeans,Hype Boy,5932,Inkigayo,track:Hype Boy artist:NewJeans year:2000-2023
56,"1,177","April 9, 2023",Ive,Kitsch,8273,Inkigayo,track:Kitsch artist:Ive year:2000-2023
57,"1,178","April 16, 2023",Jisoo,Flower,8714,Inkigayo,track:Flower artist:Jisoo year:2000-2023
58,"1,179","April 23, 2023",Ive,I Am,10586 ,Inkigayo,track:I Am artist:Ive year:2000-2023
59,"1,180","April 30, 2023",Jisoo,Flower,7902,Inkigayo,track:Flower artist:Jisoo year:2000-2023
60,"1,181","May 7, 2023",Seventeen,Super,7884,Inkigayo,track:Super artist:Seventeen year:2000-2023
61,"1,182","May 14, 2023",Le Sserafim,Unforgiven,8466,Inkigayo,track:Unforgiven artist:Le Sserafim year:2000-2023
62,"1,183","May 21, 2023",Aespa,Spicy,7742,Inkigayo,track:Spicy artist:Aespa year:2000-2023
63,"1,184","May 28, 2023",(G)I-dle,Queencard,8779,Inkigayo,track:Queencard artist:(G)I-dle year:2000-2023
64,"1,185","June 4, 2023",(G)I-dle,Queencard,9423,Inkigayo,track:Queencard artist:(G)I-dle year:2000-2023
65,"1,186","June 11, 2023",(G)I-dle,Queencard,8112,Inkigayo,track:Queencard artist:(G)I-dle year:2000-2023
66,"1,187","June 18, 2023",Ive,I Am,6398,Inkigayo,track:I Am artist:Ive year:2000-2023
67,"1,188","June 25, 2023",Ive,I Am,6882,Inkigayo,track:I Am artist:Ive year:2000-2023
68,"1,189","July 2, 2023",Jisoo,Flower,6961,Inkigayo,track:Flower artist:Jisoo year:2000-2023
69,"1,190","July 9, 2023",Shinee,Hard,6666,Inkigayo,track:Hard artist:Shinee year:2000-2023
70,"1,191","July 16, 2023",Le Sserafim,"Eve, Psyche & the Bluebeard's Wife",6463,Inkigayo,"track:Eve, Psyche & the Bluebeard's Wife artist:Le Sserafim year:2000-2023"
71,"1,192","July 23, 2023",NewJeans,Super Shy,6994,Inkigayo,track:Super Shy artist:NewJeans year:2000-2023
72,"1,193","July 30, 2023",Jung Kook,Seven,8074,Inkigayo,track:Seven artist:Jung Kook year:2000-2023
73,"1,194","August 6, 2023",Jung Kook,Seven,8379,Inkigayo,track:Seven artist:Jung Kook year:2000-2023
74,"1,195","August 13, 2023",Jung Kook,Seven,8425,Inkigayo,track:Seven artist:Jung Kook year:2000-2023
75,"1,196","August 20, 2023",NewJeans,Super Shy,6724,Inkigayo,track:Super Shy artist:NewJeans year:2000-2023
76,"1,197","August 27, 2023",NewJeans,Super Shy,7211,Inkigayo,track:Super Shy artist:NewJeans year:2000-2023
77,"1,198","September 3, 2023",NewJeans,ETA,6572,Inkigayo,track:ETA artist:NewJeans year:2000-2023
78,"1,199","September 10, 2023",NewJeans,ETA,6111,Inkigayo,track:ETA artist:NewJeans year:2000-2023
79,"1,200","September 17, 2023",AKMU,Love Lee,6337,Inkigayo,track:Love Lee artist:AKMU year:2000-2023
80,"1,201","October 15, 2023",AKMU,Love Lee,6330,Inkigayo,track:Love Lee artist:AKMU year:2000-2023
81,"1,202","October 22, 2023",AKMU,Love Lee,6278,Inkigayo,track:Love Lee artist:AKMU year:2000-2023
82,"1,203","October 29, 2023",Ive,Either Way,6433,Inkigayo,track:Either Way artist:Ive year:2000-2023
83,"1,204","November 5, 2023",Seventeen,God of Music,8290,Inkigayo,track:God of Music artist:Seventeen year:2000-2023
84,"1,205","November 12, 2023",Ive,Baddie,6292,Inkigayo,track:Baddie artist:Ive year:2000-2023
85,"1,206","November 19, 2023",Ive,Baddie,6089,Inkigayo,track:Baddie artist:Ive year:2000-2023
86,"1,207","November 26, 2023",Aespa,Drama,6719,Inkigayo,track:Drama artist:Aespa year:2000-2023
87,"1,208","December 3, 2023",Ive,Baddie,5731,Inkigayo,track:Baddie artist:Ive year:2000-2023
88,"1,209","December 10, 2023",Taeyeon,To. X,5675,Inkigayo,track:To. X artist:Taeyeon year:2000-2023
89,"1,210","January 7, 2024",Aespa,Drama,7605,Inkigayo,track:Drama artist:Aespa year:2000-2024
90,"1,211","January 14, 2024",Aespa,Drama,7330,Inkigayo,track:Drama artist:Aespa year:2000-2024
91,"1,212","January 21, 2024",Riize,Love 119,6167,Inkigayo,track:Love 119 artist:Riize year:2000-2024
92,"1,213","January 28, 2024",Nmixx,Dash,5901,Inkigayo,track:Dash artist:Nmixx year:2000-2024
93,"1,214","February 4, 2024",IU,Love Wins All,8808 ,Inkigayo,track:Love Wins All artist:IU year:2000-2024
94,"1,215","February 18, 2024",IU,Love Wins All,8596,Inkigayo,track:Love Wins All artist:IU year:2000-2024
95,"1,216","February 25, 2024",IU,Love Wins All,7692,Inkigayo,track:Love Wins All artist:IU year:2000-2024
96,"1,217","March 3, 2024",Le Sserafim,Easy,7400,Inkigayo,track:Easy artist:Le Sserafim year:2000-2024
97,"1,218","March 10, 2024",Le Sserafim,Easy,7148,Inkigayo,track:Easy artist:Le Sserafim year:2000-2024
98,"1,219","March 17, 2024",Bibi,Bam Yang Gang,6729,Inkigayo,track:Bam Yang Gang artist:Bibi year:2000-2024
99,"1,220","March 24, 2024",TWS,Plot Twist,6414,Inkigayo,track:Plot Twist artist:TWS year:2000-2024
100,"1,221","March 31, 2024",(G)I-dle,Fate,6119,Inkigayo,track:Fate artist:(G)I-dle year:2000-2024
101,"1,222","April 7, 2024",(G)I-dle,Fate,6104,Inkigayo,track:Fate artist:(G)I-dle year:2000-2024
102,"1,223","April 14, 2024",(G)I-dle,Fate,6056,Inkigayo,track:Fate artist:(G)I-dle year:2000-2024
103,"1,224","April 21, 2024",Illit,Magnetic,7545,Inkigayo,track:Magnetic artist:Illit year:2000-2024
104,"1,225","April 28, 2024",Illit,Magnetic,6306,Inkigayo,track:Magnetic artist:Illit year:2000-2024
105,"1,226","May 5, 2024",Illit,Magnetic,6640,Inkigayo,track:Magnetic artist:Illit year:2000-2024
106,"1,227","May 12, 2024",Zico,Spot!,6861,Inkigayo,track:Spot! artist:Zico year:2000-2024
107,"1,228","May 19, 2024",Zico,Spot!,7968,Inkigayo,track:Spot! artist:Zico year:2000-2024
108,"1,229","May 26, 2024",Aespa,Supernova,6807,Inkigayo,track:Supernova artist:Aespa year:2000-2024
109,"1,230","June 16, 2024",Aespa,Supernova,8411,Inkigayo,track:Supernova artist:Aespa year:2000-2024
110,"1,231","June 23, 2024",Aespa,Supernova,7007,Inkigayo,track:Supernova artist:Aespa year:2000-2024
111,"1,232","June 30, 2024",Riize,Boom Boom Bass,6353,Inkigayo,track:Boom Boom Bass artist:Riize year:2000-2024
112,"1,233","July 7, 2024",Lee Young-ji,Small Girl,7227,Inkigayo,track:Small Girl artist:Lee Young-ji year:2000-2024
113,"1,234","July 14, 2024",Lee Young-ji,Small Girl,6150,Inkigayo,track:Small Girl artist:Lee Young-ji year:2000-2024
114,"1,235","August 11, 2024",(G)I-dle,Klaxon,6883,Inkigayo,track:Klaxon artist:(G)I-dle year:2000-2024
115,"1,236","August 18, 2024",(G)I-dle,Klaxon,6862,Inkigayo,track:Klaxon artist:(G)I-dle year:2000-2024
116,"1,237","August 25, 2024",(G)I-dle,Klaxon,6737,Inkigayo,track:Klaxon artist:(G)I-dle year:2000-2024
117,"1,238","September 1, 2024",Nmixx,See That?,6591,Inkigayo,track:See That? artist:Nmixx year:2000-2024
118,"1,239","September 8, 2024",Zerobaseone,Good So Bad,5739,Inkigayo,track:Good So Bad artist:Zerobaseone year:2000-2024
119,"1,240","September 22, 2024",BoyNextDoor,Nice Guy,6371,Inkigayo,track:Nice Guy artist:BoyNextDoor year:2000-2024
120,"1,241","September 29, 2024",Day6,Happy,6380,Inkigayo,track:Happy artist:Day6 year:2000-2024
121,"1,242","October 6, 2024",Day6,Happy,4428,Inkigayo,track:Happy artist:Day6 year:2000-2024
122,"1,243","October 27, 2024",Rosé&Bruno Mars,Apt.,5198,Inkigayo,track:Apt. artist:Rosé&Bruno Mars year:2000-2024
123,"1,244","November 3, 2024",Rosé&Bruno Mars,Apt.,7460,Inkigayo,track:Apt. artist:Rosé&Bruno Mars year:2000-2024
124,"1,245","November 10, 2024",Rosé&Bruno Mars,Apt.,7407,Inkigayo,track:Apt. artist:Rosé&Bruno Mars year:2000-2024
125,"1,246","November 17, 2024",Aespa,Whiplash,5705,Inkigayo,track:Whiplash artist:Aespa year:2000-2024
126,"1,247","November 24, 2024",Aespa,Whiplash,5690,Inkigayo,track:Whiplash artist:Aespa year:2000-2024
127,"1,248","December 1, 2024",Aespa,Whiplash,5872,Inkigayo,track:Whiplash artist:Aespa year:2000-2024
128,"1,249","December 15, 2024",G-Dragon,Home Sweet Home,5984,Inkigayo,track:Home Sweet Home artist:G-Dragon year:2000-2024
129,"1,250","January 5, 2025",G-Dragon,Home Sweet Home,5807,Inkigayo,track:Home Sweet Home artist:G-Dragon year:2000-2025
130,"1,251","January 12, 2025",G-Dragon,Home Sweet Home,5418,Inkigayo,track:Home Sweet Home artist:G-Dragon year:2000-2025
131,"1,252","January 19, 2025",BoyNextDoor,"If I Say, I Love You",5869,Inkigayo,"track:If I Say, I Love You artist:BoyNextDoor year:2000-2025"
132,"1,253","January 26, 2025",Ive,Rebel Heart,6580,Inkigayo,track:Rebel Heart artist:Ive year:2000-2025
133,"1,254","February 2, 2025",Ive,Rebel Heart,6150,Inkigayo,track:Rebel Heart artist:Ive year:2000-2025
134,"1,255","February 9, 2025",Ive,Rebel Heart,7588,Inkigayo,track:Rebel Heart artist:Ive year:2000-2025
135,"1,256","February 16, 2025",Ive,Attitude,6247,Inkigayo,track:Attitude artist:Ive year:2000-2025
136,"1,257","February 23, 2025",Ive,Attitude,5357,Inkigayo,track:Attitude artist:Ive year:2000-2025
137,"1,258","March 2, 2025",Jisoo,Earthquake,5759,Inkigayo,track:Earthquake artist:Jisoo year:2000-2025
138,"1,259","March 9, 2025",G-Dragon,Too Bad,6788,Inkigayo,track:Too Bad artist:G-Dragon year:2000-2025
139,"1,260","March 16, 2025",G-Dragon,Too Bad,8906 ,Inkigayo,track:Too Bad artist:G-Dragon year:2000-2025
140,"1,261","March 23, 2025",G-Dragon,Too Bad,5796,Inkigayo,track:Too Bad artist:G-Dragon year:2000-2025
141,"1,262","March 30, 2025",Nmixx,Know About Me,5070,Inkigayo,track:Know About Me artist:Nmixx year:2000-2025
142,"1,263","April 6, 2025",Le Sserafim,Hot,5411,Inkigayo,track:Hot artist:Le Sserafim year:2000-2025
143,"1,264","April 20, 2025",Le Sserafim,Hot,4556,Inkigayo,track:Hot artist:Le Sserafim year:2000-2025
144,735,"January 13, 2022",Kep1er,Wa Da Da,6500,M Countdown,track:Wa Da Da artist:Kep1er year:2000-2022
145,736,"January 20, 2022",Kep1er,Wa Da Da,6569,M Countdown,track:Wa Da Da artist:Kep1er year:2000-2022
146,737,"January 27, 2022",Wheein,Make Me Happy,7220,M Countdown,track:Make Me Happy artist:Wheein year:2000-2022
147,738,"February 3, 2022",Got the Beat,Step Back,0,M Countdown,track:Step Back artist:Got the Beat year:2000-2022
148,739,"February 10, 2022",Yena,Smiley,8097,M Countdown,track:Smiley artist:Yena year:2000-2022
149,740,"February 17, 2022",Viviz,Bop Bop!,6564,M Countdown,track:Bop Bop! artist:Viviz year:2000-2022
150,741,"February 24, 2022",Taeyeon,INVU,9676,M Countdown,track:INVU artist:Taeyeon year:2000-2022
151,742,"March 3, 2022",BtoB,The Song,8976,M Countdown,track:The Song artist:BtoB year:2000-2022
152,743,"March 10, 2022",STAYC,Run2U,0,M Countdown,track:Run2U artist:STAYC year:2000-2022
153,744,"March 17, 2022",STAYC,Run2U,6569,M Countdown,track:Run2U artist:STAYC year:2000-2022
154,745,"March 24, 2022",(G)I-dle,Tomboy,8259,M Countdown,track:Tomboy artist:(G)I-dle year:2000-2022
155,746,"March 31, 2022",(G)I-dle,Tomboy,7688,M Countdown,track:Tomboy artist:(G)I-dle year:2000-2022
156,747,"April 7, 2022",NCT Dream,Glitch Mode,7536,M Countdown,track:Glitch Mode artist:NCT Dream year:2000-2022
157,748,"April 14, 2022",Big Bang,Still Life,8181,M Countdown,track:Still Life artist:Big Bang year:2000-2022
158,749,"April 21, 2022",Big Bang,Still Life,8216,M Countdown,track:Still Life artist:Big Bang year:2000-2022
159,750,"April 28, 2022",Big Bang,Still Life,8256,M Countdown,track:Still Life artist:Big Bang year:2000-2022
160,751,"May 5, 2022",Ive,Love Dive,7520,M Countdown,track:Love Dive artist:Ive year:2000-2022
161,752,"May 12, 2022",Lim Young-woong,If We Ever Meet Again,8896,M Countdown,track:If We Ever Meet Again artist:Lim Young-woong year:2000-2022
162,753,"May 19, 2022",Psy,That That,0,M Countdown,track:That That artist:Psy year:2000-2022
163,754,"May 26, 2022",Astro,Candy Sugar Pop,8434,M Countdown,track:Candy Sugar Pop artist:Astro year:2000-2022
164,755,"June 2, 2022",Seventeen,Hot,7718,M Countdown,track:Hot artist:Seventeen year:2000-2022
165,756,"June 9, 2022",NCT Dream,Beatbox,0,M Countdown,track:Beatbox artist:NCT Dream year:2000-2022
166,757,"June 16, 2022",BTS,Yet to Come,10333,M Countdown,track:Yet to Come artist:BTS year:2000-2022
167,758,"June 23, 2022",BTS,Yet to Come,11000,M Countdown,track:Yet to Come artist:BTS year:2000-2022
168,759,"June 30, 2022",BTS,Yet to Come,9037,M Countdown,track:Yet to Come artist:BTS year:2000-2022
169,760,"July 7, 2022",Fromis 9,Stay This Way,9262,M Countdown,track:Stay This Way artist:Fromis 9 year:2000-2022
170,761,"July 14, 2022",Nayeon,Pop!,7266,M Countdown,track:Pop! artist:Nayeon year:2000-2022
171,762,"July 21, 2022",Aespa,Girls,7741,M Countdown,track:Girls artist:Aespa year:2000-2022
172,763,"July 28, 2022",Seventeen,_World,10633,M Countdown,track:_World artist:Seventeen year:2000-2022
173,764,"August 4, 2022",Seventeen,_World,6746,M Countdown,track:_World artist:Seventeen year:2000-2022
174,765,"August 11, 2022",Itzy,Sneakers,7944,M Countdown,track:Sneakers artist:Itzy year:2000-2022
175,766,"August 18, 2022",NewJeans,Attention,0,M Countdown,track:Attention artist:NewJeans year:2000-2022
176,767,"August 25, 2022",Blackpink,Pink Venom,7951,M Countdown,track:Pink Venom artist:Blackpink year:2000-2022
177,768,"September 1, 2022",Blackpink,Pink Venom,9071,M Countdown,track:Pink Venom artist:Blackpink year:2000-2022
178,769,"September 8, 2022",Blackpink,Pink Venom,9033,M Countdown,track:Pink Venom artist:Blackpink year:2000-2022
179,770,"September 15, 2022",Ive,After Like,0,M Countdown,track:After Like artist:Ive year:2000-2022
180,771,"September 22, 2022",Blackpink,Shut Down,9316,M Countdown,track:Shut Down artist:Blackpink year:2000-2022
181,772,"September 29, 2022",Blackpink,Shut Down,8377,M Countdown,track:Shut Down artist:Blackpink year:2000-2022
182,773,"October 6, 2022",Blackpink,Shut Down,9468,M Countdown,track:Shut Down artist:Blackpink year:2000-2022
183,774,"October 13, 2022",Stray Kids,Case 143,7658,M Countdown,track:Case 143 artist:Stray Kids year:2000-2022
184,775,"October 20, 2022",Stray Kids,Case 143,10756,M Countdown,track:Case 143 artist:Stray Kids year:2000-2022
185,776,"October 27, 2022",(G)I-dle,Nxde,0,M Countdown,track:Nxde artist:(G)I-dle year:2000-2022
186,777,"November 10, 2022",Jin,The Astronaut,0,M Countdown,track:The Astronaut artist:Jin year:2000-2022
187,778,"December 29, 2022",NCT Dream,Candy,6323,M Countdown,track:Candy artist:NCT Dream year:2000-2022
188,779,"January 12, 2023",NewJeans,OMG,7834,M Countdown,track:OMG artist:NewJeans year:2000-2023
189,780,"January 19, 2023",Taeyang,Vibe,5737,M Countdown,track:Vibe artist:Taeyang year:2000-2023
190,781,"January 26, 2023",NewJeans,OMG,0,M Countdown,track:OMG artist:NewJeans year:2000-2023
191,782,"February 2, 2023",TXT,Sugar Rush Ride,6870,M Countdown,track:Sugar Rush Ride artist:TXT year:2000-2023
192,783,"February 9, 2023",TXT,Sugar Rush Ride,9489,M Countdown,track:Sugar Rush Ride artist:TXT year:2000-2023
193,784,"February 16, 2023",BSS,Fighting,10669,M Countdown,track:Fighting artist:BSS year:2000-2023
194,785,"February 23, 2023",BSS,Fighting,8894,M Countdown,track:Fighting artist:BSS year:2000-2023
195,786,"March 2, 2023",BSS,Fighting,8265,M Countdown,track:Fighting artist:BSS year:2000-2023
196,787,"March 9, 2023",J-Hope&J. Cole,On the Street,8500,M Countdown,track:On the Street artist:J-Hope&J. Cole year:2000-2023
197,788,"March 16, 2023",J-Hope&J. Cole,On the Street,7767,M Countdown,track:On the Street artist:J-Hope&J. Cole year:2000-2023
198,789,"March 23, 2023",Jimin,Set Me Free Pt. 2,8414,M Countdown,track:Set Me Free Pt. 2 artist:Jimin year:2000-2023
199,790,"March 30, 2023",Jimin,Like Crazy,9855,M Countdown,track:Like Crazy artist:Jimin year:2000-2023
200,791,"April 6, 2023",Jimin,Like Crazy,0,M Countdown,track:Like Crazy artist:Jimin year:2000-2023
201,792,"April 13, 2023",Jisoo,Flower,8890,M Countdown,track:Flower artist:Jisoo year:2000-2023
202,793,"April 20, 2023",Ive,I Am,8941,M Countdown,track:I Am artist:Ive year:2000-2023
203,794,"April 27, 2023",Ive,I Am,7139,M Countdown,track:I Am artist:Ive year:2000-2023
204,795,"May 4, 2023",Seventeen,Super,9603,M Countdown,track:Super artist:Seventeen year:2000-2023
205,796,"May 11, 2023",Le Sserafim,Unforgiven,8575,M Countdown,track:Unforgiven artist:Le Sserafim year:2000-2023
206,797,"May 18, 2023",Aespa,Spicy,8207,M Countdown,track:Spicy artist:Aespa year:2000-2023
207,798,"May 25, 2023",(G)I-dle,Queencard,9207,M Countdown,track:Queencard artist:(G)I-dle year:2000-2023
208,799,"June 1, 2023",Enhypen,Bite Me,8813,M Countdown,track:Bite Me artist:Enhypen year:2000-2023
209,800,"June 8, 2023",Stray Kids,S-Class,6720,M Countdown,track:S-Class artist:Stray Kids year:2000-2023
210,801,"June 15, 2023",Stray Kids,S-Class,0,M Countdown,track:S-Class artist:Stray Kids year:2000-2023
211,802,"June 22, 2023",BTS,Take Two,7500,M Countdown,track:Take Two artist:BTS year:2000-2023
212,803,"June 29, 2023",BTS,Take Two,7750,M Countdown,track:Take Two artist:BTS year:2000-2023
213,804,"July 6, 2023",BTS,Take Two,7671,M Countdown,track:Take Two artist:BTS year:2000-2023
214,805,"July 13, 2023",NewJeans,Super Shy,5848,M Countdown,track:Super Shy artist:NewJeans year:2000-2023
215,806,"July 20, 2023",Jung Kook,Seven,6068,M Countdown,track:Seven artist:Jung Kook year:2000-2023
216,807,"July 27, 2023",Jung Kook,Seven,7606,M Countdown,track:Seven artist:Jung Kook year:2000-2023
217,808,"August 3, 2023",Jung Kook,Seven,7737,M Countdown,track:Seven artist:Jung Kook year:2000-2023
218,809,"August 10, 2023",NewJeans,ETA,6136,M Countdown,track:ETA artist:NewJeans year:2000-2023
219,810,"August 17, 2023",NewJeans,ETA,0,M Countdown,track:ETA artist:NewJeans year:2000-2023
220,811,"August 24, 2023",V,Love Me Again,7864,M Countdown,track:Love Me Again artist:V year:2000-2023
221,812,"August 31, 2023",V,Love Me Again,7751,M Countdown,track:Love Me Again artist:V year:2000-2023
222,813,"September 7, 2023",V,Love Me Again,7618,M Countdown,track:Love Me Again artist:V year:2000-2023
223,814,"September 14, 2023",V,Slow Dancing,9557,M Countdown,track:Slow Dancing artist:V year:2000-2023
224,815,"September 21, 2023",V,Slow Dancing,9096,M Countdown,track:Slow Dancing artist:V year:2000-2023
225,816,"September 28, 2023",V,Slow Dancing,0,M Countdown,track:Slow Dancing artist:V year:2000-2023
226,817,"October 5, 2023",Jung Kook,3D,0,M Countdown,track:3D artist:Jung Kook year:2000-2023
227,818,"October 12, 2023",Jung Kook,3D,8436,M Countdown,track:3D artist:Jung Kook year:2000-2023
228,819,"October 19, 2023",Jung Kook,3D,7874,M Countdown,track:3D artist:Jung Kook year:2000-2023
229,820,"October 26, 2023",Ive,Baddie,0,M Countdown,track:Baddie artist:Ive year:2000-2023
230,821,"November 2, 2023",Seventeen,God of Music,0,M Countdown,track:God of Music artist:Seventeen year:2000-2023
231,822,"November 9, 2023",Jung Kook,Standing Next to You,9622,M Countdown,track:Standing Next to You artist:Jung Kook year:2000-2023
232,823,"November 16, 2023",Jung Kook,Standing Next to You,8237,M Countdown,track:Standing Next to You artist:Jung Kook year:2000-2023
233,824,"January 11, 2024",Jimin,Closer Than This,7500,M Countdown,track:Closer Than This artist:Jimin year:2000-2024
234,825,"January 18, 2024",Riize,Love 119,8174,M Countdown,track:Love 119 artist:Riize year:2000-2024
235,826,"January 25, 2024",Nmixx,Dash,9338,M Countdown,track:Dash artist:Nmixx year:2000-2024
236,827,"February 1, 2024",IU,Love Wins All,7443,M Countdown,track:Love Wins All artist:IU year:2000-2024
237,828,"February 8, 2024",(G)I-dle,Super Lady,8780,M Countdown,track:Super Lady artist:(G)I-dle year:2000-2024
238,829,"February 15, 2024",(G)I-dle,Super Lady,0,M Countdown,track:Super Lady artist:(G)I-dle year:2000-2024
239,830,"February 22, 2024",(G)I-dle,Super Lady,7268,M Countdown,track:Super Lady artist:(G)I-dle year:2000-2024
240,831,"February 29, 2024",Le Sserafim,Easy,9428,M Countdown,track:Easy artist:Le Sserafim year:2000-2024
241,832,"March 7, 2024",Le Sserafim,Easy,8502,M Countdown,track:Easy artist:Le Sserafim year:2000-2024
242,833,"March 14, 2024",Le Sserafim,Easy,7900,M Countdown,track:Easy artist:Le Sserafim year:2000-2024
243,834,"March 21, 2024",V,Fri(end)s,7950,M Countdown,track:Fri(end)s artist:V year:2000-2024
244,835,"March 28, 2024",V,Fri(end)s,7767,M Countdown,track:Fri(end)s artist:V year:2000-2024
245,836,"April 4, 2024",NCT Dream,Smoothie,7189,M Countdown,track:Smoothie artist:NCT Dream year:2000-2024
246,837,"April 11, 2024",Tomorrow X Together,Deja Vu,6402,M Countdown,track:Deja Vu artist:Tomorrow X Together year:2000-2024
247,838,"April 18, 2024",Illit,Magnetic,6676,M Countdown,track:Magnetic artist:Illit year:2000-2024
248,839,"April 25, 2024",Illit,Magnetic,6262,M Countdown,track:Magnetic artist:Illit year:2000-2024
249,840,"May 2, 2024",BabyMonster,Sheesh,8802,M Countdown,track:Sheesh artist:BabyMonster year:2000-2024
250,841,"May 9, 2024",Seventeen,Maestro,0,M Countdown,track:Maestro artist:Seventeen year:2000-2024
251,842,"May 16, 2024",Seventeen,Maestro,6797,M Countdown,track:Maestro artist:Seventeen year:2000-2024
252,843,"May 23, 2024",Aespa,Supernova,7214,M Countdown,track:Supernova artist:Aespa year:2000-2024
253,844,"May 30, 2024",Aespa,Supernova,7960,M Countdown,track:Supernova artist:Aespa year:2000-2024
254,845,"June 6, 2024",Aespa,Armageddon,8634,M Countdown,track:Armageddon artist:Aespa year:2000-2024
255,847,"June 20, 2024",Aespa,Armageddon,6291,M Countdown,track:Armageddon artist:Aespa year:2000-2024
256,848,"June 27, 2024",Riize,Boom Boom Bass,8839,M Countdown,track:Boom Boom Bass artist:Riize year:2000-2024
257,849,"July 4, 2024",Lee Young-ji,Small Girl,6031,M Countdown,track:Small Girl artist:Lee Young-ji year:2000-2024
258,850,"July 11, 2024",Jimin,Smeraldo Garden Marching Band,7574,M Countdown,track:Smeraldo Garden Marching Band artist:Jimin year:2000-2024
259,851,"July 18, 2024",Jimin,Smeraldo Garden Marching Band,6966,M Countdown,track:Smeraldo Garden Marching Band artist:Jimin year:2000-2024
260,852,"July 25, 2024",Stray Kids,Chk Chk Boom,0,M Countdown,track:Chk Chk Boom artist:Stray Kids year:2000-2024
261,853,"August 8, 2024",Jimin,Who,8907,M Countdown,track:Who artist:Jimin year:2000-2024
262,854,"August 15, 2024",Jimin,Who,0,M Countdown,track:Who artist:Jimin year:2000-2024
263,855,"August 22, 2024",Fromis 9,Supersonic,9953,M Countdown,track:Supersonic artist:Fromis 9 year:2000-2024
264,856,"August 29, 2024",Nmixx,See That?,10293 ,M Countdown,track:See That? artist:Nmixx year:2000-2024
265,857,"September 5, 2024",Zerobaseone,Good So Bad,8790,M Countdown,track:Good So Bad artist:Zerobaseone year:2000-2024
266,858,"September 12, 2024",Le Sserafim,Crazy,7694,M Countdown,track:Crazy artist:Le Sserafim year:2000-2024
267,859,"September 19, 2024",Le Sserafim,Crazy,0,M Countdown,track:Crazy artist:Le Sserafim year:2000-2024
268,860,"September 26, 2024",Le Sserafim,Crazy,6608,M Countdown,track:Crazy artist:Le Sserafim year:2000-2024
269,861,"October 3, 2024",Yeonjun,Ggum,6642,M Countdown,track:Ggum artist:Yeonjun year:2000-2024
270,862,"October 10, 2024",QWER,My Name is Malguem,6118,M Countdown,track:My Name is Malguem artist:QWER year:2000-2024
271,863,"October 17, 2024",Jennie,Mantra,7894,M Countdown,track:Mantra artist:Jennie year:2000-2024
272,864,"October 24, 2024",Rosé&Bruno Mars,Apt.,6707,M Countdown,track:Apt. artist:Rosé&Bruno Mars year:2000-2024
273,865,"October 31, 2024",Rosé&Bruno Mars,Apt.,0,M Countdown,track:Apt. artist:Rosé&Bruno Mars year:2000-2024
274,870,"January 9, 2025",Stray Kids,Walkin on Water,8656,M Countdown,track:Walkin on Water artist:Stray Kids year:2000-2025
275,871,"January 16, 2025",BoyNextDoor,"If I Say, I Love You",9500 ,M Countdown,"track:If I Say, I Love You artist:BoyNextDoor year:2000-2025"
276,872,"January 23, 2025",Ive,Rebel Heart,8147,M Countdown,track:Rebel Heart artist:Ive year:2000-2025
277,873,"January 30, 2025",Ive,Rebel Heart,0,M Countdown,track:Rebel Heart artist:Ive year:2000-2025
278,874,"February 6, 2025",Ive,Rebel Heart,7076,M Countdown,track:Rebel Heart artist:Ive year:2000-2025
279,875,"February 13, 2025",Ive,Attitude,7754,M Countdown,track:Attitude artist:Ive year:2000-2025
280,876,"February 20, 2025",Jennie&Dominic Fike,Love Hangover,7765,M Countdown,track:Love Hangover artist:Jennie&Dominic Fike year:2000-2025
281,877,"February 27, 2025",Jisoo,Earthquake,9266,M Countdown,track:Earthquake artist:Jisoo year:2000-2025
282,876,"March 6, 2025",G-Dragon,Too Bad,6687,M Countdown,track:Too Bad artist:G-Dragon year:2000-2025
283,877,"March 13, 2025",G-Dragon,Too Bad,7981,M Countdown,track:Too Bad artist:G-Dragon year:2000-2025
284,878,"March 20, 2025",Jennie,Like Jennie,6856,M Countdown,track:Like Jennie artist:Jennie year:2000-2025
285,879,"March 27, 2025",Jennie,Like Jennie,6719,M Countdown,track:Like Jennie artist:Jennie year:2000-2025
286,880,"April 3, 2025",Jennie,Like Jennie,6636,M Countdown,track:Like Jennie artist:Jennie year:2000-2025
287,881,"April 10, 2025",J-Hope,Mona Lisa,7638,M Countdown,track:Mona Lisa artist:J-Hope year:2000-2025
288,882,"April 17, 2025",J-Hope,Mona Lisa,7643,M Countdown,track:Mona Lisa artist:J-Hope year:2000-2025
289,"1,102","January 7, 2022",NCT U,Universe,5930,Music Bank,track:Universe artist:NCT U year:2000-2022
290,"1,103","January 14, 2022",Kep1er,Wa Da Da,3678,Music Bank,track:Wa Da Da artist:Kep1er year:2000-2022
291,"1,104","January 21, 2022",Enhypen,Blessed-Cursed,8377,Music Bank,track:Blessed-Cursed artist:Enhypen year:2000-2022
292,"1,105","January 28, 2022",IU,Winter Sleep,2949,Music Bank,track:Winter Sleep artist:IU year:2000-2022
293,"1,106","February 4, 2022",Pentagon,Feelin' Like,3426,Music Bank,track:Feelin' Like artist:Pentagon year:2000-2022
294,—,"February 11, 2022",Ive,Eleven,3058,Music Bank,track:Eleven artist:Ive year:2000-2022
295,—,"February 18, 2022",Ive,Eleven,2566,Music Bank,track:Eleven artist:Ive year:2000-2022
296,"1,107","February 25, 2022",Treasure,Jikjin,4520,Music Bank,track:Jikjin artist:Treasure year:2000-2022
297,"1,108","March 4, 2022",STAYC,Run2U,6821,Music Bank,track:Run2U artist:STAYC year:2000-2022
298,"1,109","March 11, 2022",STAYC,Run2U,4719,Music Bank,track:Run2U artist:STAYC year:2000-2022
299,"1,110","March 18, 2022",Kim Woo Seok,Switch,6016,Music Bank,track:Switch artist:Kim Woo Seok year:2000-2022
300,"1,111","March 25, 2022",Stray Kids,Maniac,10596,Music Bank,track:Maniac artist:Stray Kids year:2000-2022
301,"1,112","April 1, 2022",Red Velvet,Feel My Rhythm,8416,Music Bank,track:Feel My Rhythm artist:Red Velvet year:2000-2022
302,"1,113","April 8, 2022",NCT Dream,Glitch Mode,10718,Music Bank,track:Glitch Mode artist:NCT Dream year:2000-2022
303,"1,114","April 15, 2022",Ive,Love Dive,12095,Music Bank,track:Love Dive artist:Ive year:2000-2022
304,"1,115","April 22, 2022",Ive,Love Dive,7324,Music Bank,track:Love Dive artist:Ive year:2000-2022
305,"1,116","April 29, 2022",Ive,Love Dive,6959,Music Bank,track:Love Dive artist:Ive year:2000-2022
306,"1,117","May 6, 2022",Monsta X,Love,8499,Music Bank,track:Love artist:Monsta X year:2000-2022
307,"1,118","May 13, 2022",Le Sserafim,Fearless,7881,Music Bank,track:Fearless artist:Le Sserafim year:2000-2022
308,"1,119","May 20, 2022",TXT,Good Boy Gone Bad,12610,Music Bank,track:Good Boy Gone Bad artist:TXT year:2000-2022
309,"1,120","May 27, 2022",Astro,Candy Sugar Pop,6561,Music Bank,track:Candy Sugar Pop artist:Astro year:2000-2022
310,"1,121","June 3, 2022",Seventeen,Hot,13816 ,Music Bank,track:Hot artist:Seventeen year:2000-2022
311,"1,122","June 10, 2022",NCT Dream,Beatbox,11069,Music Bank,track:Beatbox artist:NCT Dream year:2000-2022
312,"1,123","June 17, 2022",BTS,Yet to Come,6692,Music Bank,track:Yet to Come artist:BTS year:2000-2022
313,"1,124","June 24, 2022",BTS,Yet to Come,5573,Music Bank,track:Yet to Come artist:BTS year:2000-2022
314,"1,125","July 1, 2022",Kep1er,Up!,7268,Music Bank,track:Up! artist:Kep1er year:2000-2022
315,"1,126","July 8, 2022",Fromis 9,Stay This Way,8378,Music Bank,track:Stay This Way artist:Fromis 9 year:2000-2022
316,"1,127","July 15, 2022",Enhypen,Future Perfect (Pass the MIC),8577,Music Bank,track:Future Perfect (Pass the MIC) artist:Enhypen year:2000-2022
317,"1,128","July 22, 2022",Itzy,Sneakers,10427,Music Bank,track:Sneakers artist:Itzy year:2000-2022
318,"1,129","July 29, 2022",Seventeen,_World,10353,Music Bank,track:_World artist:Seventeen year:2000-2022
319,"1,130","August 5, 2022",Ateez,Guerrilla,8474,Music Bank,track:Guerrilla artist:Ateez year:2000-2022
320,"1,131","August 12, 2022",Ateez,Guerrilla,6169,Music Bank,track:Guerrilla artist:Ateez year:2000-2022
321,"1,132","August 19, 2022",NewJeans,Attention,11150,Music Bank,track:Attention artist:NewJeans year:2000-2022
322,"1,133","August 26, 2022",The Boyz,Whisper,11097,Music Bank,track:Whisper artist:The Boyz year:2000-2022
323,"1,134","September 2, 2022",Ive,After Like,12174,Music Bank,track:After Like artist:Ive year:2000-2022
324,—,"September 9, 2022",Ive,After Like,11406,Music Bank,track:After Like artist:Ive year:2000-2022
325,"1,135","September 16, 2022",Oneus,Same Scent,8115,Music Bank,track:Same Scent artist:Oneus year:2000-2022
326,"1,136","September 23, 2022",Ive,After Like,7502,Music Bank,track:After Like artist:Ive year:2000-2022
327,"1,137","September 30, 2022",NCT 127,2 Baddies,9309,Music Bank,track:2 Baddies artist:NCT 127 year:2000-2022
328,"1,138","October 7, 2022",Ive,After Like,6966,Music Bank,track:After Like artist:Ive year:2000-2022
329,"1,139","October 14, 2022",Stray Kids,Case 143,11168,Music Bank,track:Case 143 artist:Stray Kids year:2000-2022
330,"1,140","October 21, 2022",Stray Kids,Case 143,8113,Music Bank,track:Case 143 artist:Stray Kids year:2000-2022
331,"1,141","October 28, 2022",(G)I-dle,Nxde,12541,Music Bank,track:Nxde artist:(G)I-dle year:2000-2022
332,—[b],"November 4, 2022",Le Sserafim,Antifragile,8786,Music Bank,track:Antifragile artist:Le Sserafim year:2000-2022
333,—,"November 11, 2022",Le Sserafim,Antifragile,6137,Music Bank,track:Antifragile artist:Le Sserafim year:2000-2022
334,"1,142","November 18, 2022",Highlight,Alone,7618,Music Bank,track:Alone artist:Highlight year:2000-2022
335,"1,143","November 25, 2022",Verivery,Tap Tap,6069,Music Bank,track:Tap Tap artist:Verivery year:2000-2022
336,"1,144","December 2, 2022",CSR,♡Ticon,6407,Music Bank,track:♡Ticon artist:CSR year:2000-2022
337,"1,145","December 9, 2022",Itzy,Cheshire,8462,Music Bank,track:Cheshire artist:Itzy year:2000-2022
338,—,"December 16, 2022",Kara,When I Move,5618,Music Bank,track:When I Move artist:Kara year:2000-2022
339,—,"December 23, 2022",Younha,Event Horizon,4233,Music Bank,track:Event Horizon artist:Younha year:2000-2022
340,—,"December 30, 2022",NCT Dream,Candy,10528,Music Bank,track:Candy artist:NCT Dream year:2000-2022
341,"1,146","January 6, 2023",Ateez,Halazia,8793,Music Bank,track:Halazia artist:Ateez year:2000-2023
342,"1,147","January 13, 2023",NewJeans,Ditto,11011,Music Bank,track:Ditto artist:NewJeans year:2000-2023
343,"1,148","January 20, 2023",Monsta X,Beautiful Liar,10600,Music Bank,track:Beautiful Liar artist:Monsta X year:2000-2023
344,"1,149","January 27, 2023",NewJeans,OMG,7612,Music Bank,track:OMG artist:NewJeans year:2000-2023
345,"1,150","February 3, 2023",TXT,Sugar Rush Ride,13245,Music Bank,track:Sugar Rush Ride artist:TXT year:2000-2023
346,"1,151","February 10, 2023",NCT 127,Ay-Yo,11861,Music Bank,track:Ay-Yo artist:NCT 127 year:2000-2023
347,"1,152","February 17, 2023",BSS,Fighting,8828,Music Bank,track:Fighting artist:BSS year:2000-2023
348,"1,153","February 24, 2023",STAYC,Teddy Bear,7566,Music Bank,track:Teddy Bear artist:STAYC year:2000-2023
349,"1,154","March 3, 2023",The Boyz,Roar,8514,Music Bank,track:Roar artist:The Boyz year:2000-2023
350,—,"March 10, 2023",The Boyz,Roar,6013,Music Bank,track:Roar artist:The Boyz year:2000-2023
351,"1,155","March 17, 2023",Twice,Set Me Free,12587,Music Bank,track:Set Me Free artist:Twice year:2000-2023
352,"1,156","March 24, 2023",Kai,Rover,8161,Music Bank,track:Rover artist:Kai year:2000-2023
353,"1,157","March 31, 2023",Jimin,Like Crazy,9198,Music Bank,track:Like Crazy artist:Jimin year:2000-2023
354,"1,158","April 7, 2023",Jimin,Like Crazy,7682,Music Bank,track:Like Crazy artist:Jimin year:2000-2023
355,"1,159","April 14, 2023",Jisoo,Flower,7140,Music Bank,track:Flower artist:Jisoo year:2000-2023
356,"1,160","April 21, 2023",Ive,I Am,14690,Music Bank,track:I Am artist:Ive year:2000-2023
357,"1,161","April 28, 2023",NCT DoJaeJung,Perfume,8350,Music Bank,track:Perfume artist:NCT DoJaeJung year:2000-2023
358,"1,162","May 5, 2023",Seventeen,Super,13059,Music Bank,track:Super artist:Seventeen year:2000-2023
359,"1,163","May 12, 2023",Le Sserafim,Unforgiven,13498,Music Bank,track:Unforgiven artist:Le Sserafim year:2000-2023
360,"1,164","May 19, 2023",Aespa,Spicy,11842,Music Bank,track:Spicy artist:Aespa year:2000-2023
361,"1,165","May 26, 2023",(G)I-dle,Queencard,10487,Music Bank,track:Queencard artist:(G)I-dle year:2000-2023
362,"1,166","June 2, 2023",Enhypen,Bite Me,12595,Music Bank,track:Bite Me artist:Enhypen year:2000-2023
363,"1,167","June 9, 2023",Stray Kids,S-Class,13481,Music Bank,track:S-Class artist:Stray Kids year:2000-2023
364,"1,168","June 16, 2023",Stray Kids,S-Class,8333,Music Bank,track:S-Class artist:Stray Kids year:2000-2023
365,"1,169","June 23, 2023",Ateez,Bouncy (K-Hot Chilli Peppers),11624,Music Bank,track:Bouncy (K-Hot Chilli Peppers) artist:Ateez year:2000-2023
366,"1,170","June 30, 2023",Ateez,Bouncy (K-Hot Chilli Peppers),7410,Music Bank,track:Bouncy (K-Hot Chilli Peppers) artist:Ateez year:2000-2023
367,"1,171","July 7, 2023",Shinee,Hard,6453,Music Bank,track:Hard artist:Shinee year:2000-2023
368,"1,172","July 14, 2023",(G)I-dle,Queencard,5154,Music Bank,track:Queencard artist:(G)I-dle year:2000-2023
369,"1,173","July 21, 2023",Exo,Cream Soda,7269,Music Bank,track:Cream Soda artist:Exo year:2000-2023
370,"1,174","July 28, 2023",NCT Dream,ISTJ,11841,Music Bank,track:ISTJ artist:NCT Dream year:2000-2023
371,"1,175","August 4, 2023",NCT Dream,ISTJ,6841,Music Bank,track:ISTJ artist:NCT Dream year:2000-2023
372,—,"August 11, 2023",Itzy,Cake,10866,Music Bank,track:Cake artist:Itzy year:2000-2023
373,"1,176","August 18, 2023",The Boyz,Lip Gloss,7306,Music Bank,track:Lip Gloss artist:The Boyz year:2000-2023
374,"1,177","August 25, 2023",Jihyo,Killin' Me Good,5525,Music Bank,track:Killin' Me Good artist:Jihyo year:2000-2023
375,"1,178","September 1, 2023",STAYC,Bubble,5928,Music Bank,track:Bubble artist:STAYC year:2000-2023
376,"1,179","September 8, 2023",NCT U,Baggy Jeans,11881,Music Bank,track:Baggy Jeans artist:NCT U year:2000-2023
377,"1,180","September 15, 2023",V,Slow Dancing,9234,Music Bank,track:Slow Dancing artist:V year:2000-2023
378,"1,181","September 22, 2023",V,Slow Dancing,6587,Music Bank,track:Slow Dancing artist:V year:2000-2023
379,—,"September 29, 2023",Tempest,Vroom Vroom,5914,Music Bank,track:Vroom Vroom artist:Tempest year:2000-2023
380,—,"October 6, 2023",Oneus,Baila Conmigo,5408,Music Bank,track:Baila Conmigo artist:Oneus year:2000-2023
381,"1,182","October 13, 2023",NCT 127,Fact Check,8896,Music Bank,track:Fact Check artist:NCT 127 year:2000-2023
382,—,"October 20, 2023",TXT,Chasing That Feeling,8897,Music Bank,track:Chasing That Feeling artist:TXT year:2000-2023
383,"1,183","October 27, 2023",TXT,Chasing That Feeling,5906,Music Bank,track:Chasing That Feeling artist:TXT year:2000-2023
384,"1,184","November 3, 2023",Seventeen,God of Music,16281 ,Music Bank,track:God of Music artist:Seventeen year:2000-2023
385,"1,185","November 10, 2023",Jung Kook,Seven,9776,Music Bank,track:Seven artist:Jung Kook year:2000-2023
386,"1,186","November 17, 2023",Stray Kids,Lalalala,10481,Music Bank,track:Lalalala artist:Stray Kids year:2000-2023
387,"1,187","November 24, 2023",Enhypen,Sweet Venom,11542,Music Bank,track:Sweet Venom artist:Enhypen year:2000-2023
388,"1,188","December 1, 2023",The Boyz,Watch It,7511,Music Bank,track:Watch It artist:The Boyz year:2000-2023
389,—,"December 8, 2023",Ateez,Crazy Form,10386,Music Bank,track:Crazy Form artist:Ateez year:2000-2023
390,—,"December 15, 2023",Ateez,Crazy Form,6348,Music Bank,track:Crazy Form artist:Ateez year:2000-2023
391,—,"December 22, 2023",Ateez,Crazy Form,5411,Music Bank,track:Crazy Form artist:Ateez year:2000-2023
392,—,"December 29, 2023",Exo,The First Snow,4543,Music Bank,track:The First Snow artist:Exo year:2000-2023
393,"1,189","January 5, 2024",NCT 127,Be There For Me,7392,Music Bank,track:Be There For Me artist:NCT 127 year:2000-2024
394,"1,190","January 12, 2024",NCT 127,Be There For Me,6690,Music Bank,track:Be There For Me artist:NCT 127 year:2000-2024
395,"1,191","January 19, 2024",Itzy,Untouchable,10679,Music Bank,track:Untouchable artist:Itzy year:2000-2024
396,"1,192","January 26, 2024",Nmixx,Dash,11952,Music Bank,track:Dash artist:Nmixx year:2000-2024
397,"1,193","February 2, 2024",Evnne,Ugly,6734,Music Bank,track:Ugly artist:Evnne year:2000-2024
398,—[note 1],"February 9, 2024",IU,Love Wins All,3389,Music Bank,track:Love Wins All artist:IU year:2000-2024
399,"1,194","February 16, 2024",P1Harmony,Killin' It,8694,Music Bank,track:Killin' It artist:P1Harmony year:2000-2024
400,"1,195","February 23, 2024",TWS,Plot Twist,4896,Music Bank,track:Plot Twist artist:TWS year:2000-2024
401,"1,196","March 1, 2024",Le Sserafim,Easy,9874,Music Bank,track:Easy artist:Le Sserafim year:2000-2024
402,"1,197","March 8, 2024",Cravity,Love or Die,7432,Music Bank,track:Love or Die artist:Cravity year:2000-2024
403,"1,198","March 15, 2024",Le Sserafim,Easy,4492,Music Bank,track:Easy artist:Le Sserafim year:2000-2024
404,"1,199","March 22, 2024",Highlight,Body,7255,Music Bank,track:Body artist:Highlight year:2000-2024
405,"1,200","March 29, 2024",The Boyz,Nectar,9747,Music Bank,track:Nectar artist:The Boyz year:2000-2024
406,"1,201","April 5, 2024",NCT Dream,Smoothie,11596,Music Bank,track:Smoothie artist:NCT Dream year:2000-2024
407,"1,202","April 12, 2024",Tomorrow X Together,Deja Vu,10327,Music Bank,track:Deja Vu artist:Tomorrow X Together year:2000-2024
408,—[note 1],"April 19, 2024",Illit,Magnetic,5096,Music Bank,track:Magnetic artist:Illit year:2000-2024
409,"1,203","April 26, 2024",BoyNextDoor,"Earth, Wind & Fire",11210,Music Bank,"track:Earth, Wind & Fire artist:BoyNextDoor year:2000-2024"
410,"1,204","May 3, 2024",Lee Chan-won,하늘 여행,7227,Music Bank,track:하늘 여행 artist:Lee Chan-won year:2000-2024
411,"1,205","May 10, 2024",Seventeen,Maestro,8614,Music Bank,track:Maestro artist:Seventeen year:2000-2024
412,"1,206","May 17, 2024",Seventeen,Maestro,7216,Music Bank,track:Maestro artist:Seventeen year:2000-2024
413,"1,207","May 24, 2024",Zerobaseone,Feel the Pop,13101 ,Music Bank,track:Feel the Pop artist:Zerobaseone year:2000-2024
414,"1,208","May 31, 2024",NewJeans,How Sweet,9836,Music Bank,track:How Sweet artist:NewJeans year:2000-2024
415,"1,209","June 7, 2024",Ateez,Work,10828,Music Bank,track:Work artist:Ateez year:2000-2024
416,"1,210","June 14, 2024",Aespa,Supernova,7493,Music Bank,track:Supernova artist:Aespa year:2000-2024
417,"1,211","June 21, 2024",Nayeon,ABCD,8664,Music Bank,track:ABCD artist:Nayeon year:2000-2024
418,"1,212","June 28, 2024",Riize,Boom Boom Bass,9979,Music Bank,track:Boom Boom Bass artist:Riize year:2000-2024
419,"1,213","July 5, 2024",TWS,"If I'm S, Can You Be My N?",10430,Music Bank,"track:If I'm S, Can You Be My N? artist:TWS year:2000-2024"
420,"1,214","July 12, 2024",STAYC,Cheeky Icy Thang,7502,Music Bank,track:Cheeky Icy Thang artist:STAYC year:2000-2024
421,"1,215","July 19, 2024",Enhypen,XO (Only If You Say Yes),11233,Music Bank,track:XO (Only If You Say Yes) artist:Enhypen year:2000-2024
422,"1,216","July 26, 2024",Stray Kids,Chk Chk Boom,11462,Music Bank,track:Chk Chk Boom artist:Stray Kids year:2000-2024
423,—[note 1],"August 2, 2024",NCT 127,Walk,8335,Music Bank,track:Walk artist:NCT 127 year:2000-2024
424,—[note 1],"August 9, 2024",NCT 127,Walk,6453,Music Bank,track:Walk artist:NCT 127 year:2000-2024
425,"1,217","August 16, 2024",Stray Kids,Chk Chk Boom,8031,Music Bank,track:Chk Chk Boom artist:Stray Kids year:2000-2024
426,"1,218","August 23, 2024",Fromis 9,Supersonic,7019,Music Bank,track:Supersonic artist:Fromis 9 year:2000-2024
427,"1,219","August 30, 2024",Nmixx,See That?,11821,Music Bank,track:See That? artist:Nmixx year:2000-2024
428,"1,220","September 6, 2024",Zerobaseone,Good So Bad,9408,Music Bank,track:Good So Bad artist:Zerobaseone year:2000-2024
429,"1,221","September 13, 2024",Baekhyun,Pineapple Slice,5939,Music Bank,track:Pineapple Slice artist:Baekhyun year:2000-2024
430,"1,222","September 20, 2024",BoyNextDoor,Nice Guy,11574,Music Bank,track:Nice Guy artist:BoyNextDoor year:2000-2024
431,"1,223","September 27, 2024",P1Harmony,Sad Song,6864,Music Bank,track:Sad Song artist:P1Harmony year:2000-2024
432,"1,224","October 4, 2024",NCT Wish,Steady,10037,Music Bank,track:Steady artist:NCT Wish year:2000-2024
433,—[note 1],"October 11, 2024",Vanner,Automatic,6788,Music Bank,track:Automatic artist:Vanner year:2000-2024
434,"1,225","October 18, 2024",The Wind,"Hello, My First Love",5556,Music Bank,"track:Hello, My First Love artist:The Wind year:2000-2024"
435,"1,226","October 25, 2024",Seventeen,"Love, Money, Fame",10051,Music Bank,"track:Love, Money, Fame artist:Seventeen year:2000-2024"
436,"1,227","November 1, 2024",Aespa,Whiplash,11082,Music Bank,track:Whiplash artist:Aespa year:2000-2024
437,"1,228","November 8, 2024",The Boyz,Trigger,7275,Music Bank,track:Trigger artist:The Boyz year:2000-2024
438,"1,229","November 15, 2024",Tomorrow X Together,Over the Moon,11171,Music Bank,track:Over the Moon artist:Tomorrow X Together year:2000-2024
439,"1,230","November 22, 2024",NCT Dream,When I'm With You,8016,Music Bank,track:When I'm With You artist:NCT Dream year:2000-2024
440,"1,231","November 29, 2024",Ateez,Ice on My Teeth,9219,Music Bank,track:Ice on My Teeth artist:Ateez year:2000-2024
441,"1,232","December 6, 2024",WayV,Frequency,6354,Music Bank,track:Frequency artist:WayV year:2000-2024
442,—[note 1],"December 13, 2024",Twice,Strategy,10488,Music Bank,track:Strategy artist:Twice year:2000-2024
443,—[note 1],"December 20, 2024",Stray Kids,Walkin on Water,8556,Music Bank,track:Walkin on Water artist:Stray Kids year:2000-2024
444,—[note 1],"December 27, 2024",Stray Kids,Walkin on Water,5599,Music Bank,track:Walkin on Water artist:Stray Kids year:2000-2024
445,—,"January 3, 2025",Rosé&Bruno Mars,Apt.,4087,Music Bank,track:Apt. artist:Rosé&Bruno Mars year:2000-2025
446,"1,233","January 10, 2025",N.SSign,Love Potion,7525,Music Bank,track:Love Potion artist:N.SSign year:2000-2025
447,"1,234","January 17, 2025",BSS,CBZ (Prime Time),10191,Music Bank,track:CBZ (Prime Time) artist:BSS year:2000-2025
448,"1,235","January 24, 2025",Ive,Rebel Heart,4356,Music Bank,track:Rebel Heart artist:Ive year:2000-2025
449,—,"January 31, 2025",Minnie,Her,7505,Music Bank,track:Her artist:Minnie year:2000-2025
450,"1,236","February 7, 2025",Eunhyuk,Up N Down,7917,Music Bank,track:Up N Down artist:Eunhyuk year:2000-2025
451,"1,237","February 14, 2025",Ive,Rebel Heart,11520,Music Bank,track:Rebel Heart artist:Ive year:2000-2025
452,"1,238","February 21, 2025",Evnne,Hot Mess,8166,Music Bank,track:Hot Mess artist:Evnne year:2000-2025
453,"1,234","February 28, 2025",ONF,The Stranger,7680,Music Bank,track:The Stranger artist:ONF year:2000-2025
454,"1,235","March 7, 2025",Zerobaseone,Blue,10235,Music Bank,track:Blue artist:Zerobaseone year:2000-2025
455,"1,236","March 14, 2025",G-Dragon,Too Bad,6271,Music Bank,track:Too Bad artist:G-Dragon year:2000-2025
456,"1,237","March 21, 2025",Le Sserafim,Hot,9917,Music Bank,track:Hot artist:Le Sserafim year:2000-2025
457,"1,238","March 28[a], 2025",Nmixx,Know About Me,11040,Music Bank,track:Know About Me artist:Nmixx year:2000-2025
458,—,"April 4, 2025",Ten,Stunner,7752,Music Bank,track:Stunner artist:Ten year:2000-2025
459,"1,239","April 11, 2025",Close Your Eyes,All My Poetry,5507,Music Bank,track:All My Poetry artist:Close Your Eyes year:2000-2025
460,"1,240","April 18, 2025",Mark,1999,9606,Music Bank,track:1999 artist:Mark year:2000-2025
461,421,"January 19, 2022",Enhypen,Blessed-Cursed,7178,Show Champion,track:Blessed-Cursed artist:Enhypen year:2000-2022
462,422,"January 26, 2022",Fromis 9,DM,7642,Show Champion,track:DM artist:Fromis 9 year:2000-2022
463,423,"February 16, 2022",Viviz,Bop Bop!,7541,Show Champion,track:Bop Bop! artist:Viviz year:2000-2022
464,424,"February 23, 2022",Treasure,Jikjin,5486,Show Champion,track:Jikjin artist:Treasure year:2000-2022
465,425,"March 2, 2022",BtoB,The Song,5334,Show Champion,track:The Song artist:BtoB year:2000-2022
466,426,"March 9, 2022",STAYC,Run2U,5022,Show Champion,track:Run2U artist:STAYC year:2000-2022
467,427,"March 23, 2022",(G)I-dle,Tomboy,6843,Show Champion,track:Tomboy artist:(G)I-dle year:2000-2022
468,428,"March 30, 2022",Stray Kids,Maniac,6020,Show Champion,track:Maniac artist:Stray Kids year:2000-2022
469,429,"April 6, 2022",NCT Dream,Glitch Mode,5598,Show Champion,track:Glitch Mode artist:NCT Dream year:2000-2022
470,430,"April 13, 2022",Ive,Love Dive,6437,Show Champion,track:Love Dive artist:Ive year:2000-2022
471,431,"April 20, 2022",Dreamcatcher,Maison,6545,Show Champion,track:Maison artist:Dreamcatcher year:2000-2022
472,432,"May 4, 2022",Monsta X,Love,4383,Show Champion,track:Love artist:Monsta X year:2000-2022
473,433,"May 11, 2022",Psy,That That,4514,Show Champion,track:That That artist:Psy year:2000-2022
474,434,"May 18, 2022",Psy,That That,4506,Show Champion,track:That That artist:Psy year:2000-2022
475,435,"May 25, 2022",Astro,Candy Sugar Pop,7237,Show Champion,track:Candy Sugar Pop artist:Astro year:2000-2022
476,436,"June 1, 2022",Le Sserafim,Fearless,5127,Show Champion,track:Fearless artist:Le Sserafim year:2000-2022
477,437,"June 8, 2022",NCT Dream,Beatbox,9810,Show Champion,track:Beatbox artist:NCT Dream year:2000-2022
478,438,"June 15, 2022",BTS,Yet to Come,8000,Show Champion,track:Yet to Come artist:BTS year:2000-2022
479,439,"June 29, 2022",Loona,Flip That,5439,Show Champion,track:Flip That artist:Loona year:2000-2022
480,440,"July 6, 2022",Fromis 9,Stay This Way,8690,Show Champion,track:Stay This Way artist:Fromis 9 year:2000-2022
481,441,"July 13, 2022",Enhypen,Future Perfect,6263,Show Champion,track:Future Perfect artist:Enhypen year:2000-2022
482,442,"July 20, 2022",Aespa,Girls,6777,Show Champion,track:Girls artist:Aespa year:2000-2022
483,443,"July 27, 2022",Seventeen,_World,6442,Show Champion,track:_World artist:Seventeen year:2000-2022
484,444,"August 3, 2022",Ateez,Guerrilla,6189,Show Champion,track:Guerrilla artist:Ateez year:2000-2022
485,445,"August 10, 2022",Ateez,Guerrilla,5894,Show Champion,track:Guerrilla artist:Ateez year:2000-2022
486,446,"August 24, 2022",Blackpink,Pink Venom,4435,Show Champion,track:Pink Venom artist:Blackpink year:2000-2022
487,447,"August 31, 2022",Ive,After Like,8632,Show Champion,track:After Like artist:Ive year:2000-2022
488,448,"September 7, 2022",Ive,After Like,5458,Show Champion,track:After Like artist:Ive year:2000-2022
489,449,"September 14, 2022",Oneus,Same Scent,7450,Show Champion,track:Same Scent artist:Oneus year:2000-2022
490,450,"September 21, 2022",Blackpink,Shut Down,5227,Show Champion,track:Shut Down artist:Blackpink year:2000-2022
491,451,"September 28, 2022",Blackpink,Shut Down,7022,Show Champion,track:Shut Down artist:Blackpink year:2000-2022
492,452,"October 5, 2022",Blackpink,Shut Down,6764,Show Champion,track:Shut Down artist:Blackpink year:2000-2022
493,453,"October 12, 2022",Stray Kids,Case 143,6733,Show Champion,track:Case 143 artist:Stray Kids year:2000-2022
494,454,"October 19, 2022",Stray Kids,Case 143,6308,Show Champion,track:Case 143 artist:Stray Kids year:2000-2022
495,455,"October 26, 2022",(G)I-dle,Nxde,8771,Show Champion,track:Nxde artist:(G)I-dle year:2000-2022
496,456,"November 9, 2022",(G)I-dle,Nxde,5435,Show Champion,track:Nxde artist:(G)I-dle year:2000-2022
497,457,"November 16, 2022",Highlight,Alone,5958,Show Champion,track:Alone artist:Highlight year:2000-2022
498,458,"November 23, 2022",Verivery,Tap Tap,4858,Show Champion,track:Tap Tap artist:Verivery year:2000-2022
499,459,"November 30, 2022",Tempest,Dragon,7549,Show Champion,track:Dragon artist:Tempest year:2000-2022
500,460,"December 7, 2022",Red Velvet,Birthday,6022,Show Champion,track:Birthday artist:Red Velvet year:2000-2022
501,461,"December 14, 2022",Red Velvet,Birthday,3936,Show Champion,track:Birthday artist:Red Velvet year:2000-2022
502,462,"February 8, 2023",NCT 127,Ay-Yo,4751,Show Champion,track:Ay-Yo artist:NCT 127 year:2000-2023
503,463,"February 15, 2023",BSS,Fighting,5963,Show Champion,track:Fighting artist:BSS year:2000-2023
504,464,"February 22, 2023",STAYC,Teddy Bear,6240,Show Champion,track:Teddy Bear artist:STAYC year:2000-2023
505,465,"March 1, 2023",The Boyz,Roar,4839,Show Champion,track:Roar artist:The Boyz year:2000-2023
506,466,"March 8, 2023",STAYC,Teddy Bear,6083,Show Champion,track:Teddy Bear artist:STAYC year:2000-2023
507,468,"March 22, 2023",Twice,Set Me Free,5120,Show Champion,track:Set Me Free artist:Twice year:2000-2023
508,469,"March 29, 2023",Nmixx,Love Me Like This,9176,Show Champion,track:Love Me Like This artist:Nmixx year:2000-2023
509,470,"April 5, 2023",Jisoo,Flower,6990,Show Champion,track:Flower artist:Jisoo year:2000-2023
510,471,"April 12, 2023",Jisoo,Flower,7058,Show Champion,track:Flower artist:Jisoo year:2000-2023
511,472,"April 19, 2023",Ive,I Am,6607,Show Champion,track:I Am artist:Ive year:2000-2023
512,473,"April 26, 2023",Jisoo,Flower,4870,Show Champion,track:Flower artist:Jisoo year:2000-2023
513,474,"May 3, 2023",Seventeen,Super,5706,Show Champion,track:Super artist:Seventeen year:2000-2023
514,475,"May 10, 2023",Le Sserafim,Unforgiven,7521,Show Champion,track:Unforgiven artist:Le Sserafim year:2000-2023
515,476,"May 24, 2023",(G)I-dle,Queencard,8141,Show Champion,track:Queencard artist:(G)I-dle year:2000-2023
516,477,"May 31, 2023",Dreamcatcher,BONVOYAGE,4732,Show Champion,track:BONVOYAGE artist:Dreamcatcher year:2000-2023
517,478,"June 7, 2023",Stray Kids,S-Class,4790,Show Champion,track:S-Class artist:Stray Kids year:2000-2023
518,479,"June 14, 2023",Stray Kids,S-Class,5149,Show Champion,track:S-Class artist:Stray Kids year:2000-2023
519,480,"June 21, 2023",Ateez,Bouncy (K-Hot Chilli Peppers),5821,Show Champion,track:Bouncy (K-Hot Chilli Peppers) artist:Ateez year:2000-2023
520,481,"June 28, 2023",Lim Young-woong,Grain of Sand,5310,Show Champion,track:Grain of Sand artist:Lim Young-woong year:2000-2023
521,482,"July 5, 2023",Shinee,Hard,7946,Show Champion,track:Hard artist:Shinee year:2000-2023
522,483,"July 12, 2023",Shinee,Hard,6578,Show Champion,track:Hard artist:Shinee year:2000-2023
523,484,"July 19, 2023",Zerobaseone,In Bloom,6425,Show Champion,track:In Bloom artist:Zerobaseone year:2000-2023
524,485,"July 26, 2023",NCT Dream,ISTJ,5387,Show Champion,track:ISTJ artist:NCT Dream year:2000-2023
525,486,"August 2, 2023",Jung Kook,Seven,5545,Show Champion,track:Seven artist:Jung Kook year:2000-2023
526,487,"August 9, 2023",Jung Kook,Seven,5311,Show Champion,track:Seven artist:Jung Kook year:2000-2023
527,488,"August 16, 2023",NewJeans,Super Shy,3779,Show Champion,track:Super Shy artist:NewJeans year:2000-2023
528,489,"August 30, 2023",Everglow,Slay,4392,Show Champion,track:Slay artist:Everglow year:2000-2023
529,490,"September 6, 2023",NCT U,Baggy Jeans,4982,Show Champion,track:Baggy Jeans artist:NCT U year:2000-2023
530,491,"September 13, 2023",BoyNextDoor,But Sometimes,4486,Show Champion,track:But Sometimes artist:BoyNextDoor year:2000-2023
531,492,"September 20, 2023",V,Slow Dancing,4599,Show Champion,track:Slow Dancing artist:V year:2000-2023
532,493,"September 27, 2023",Tempest,Vroom Vroom,5317,Show Champion,track:Vroom Vroom artist:Tempest year:2000-2023
533,495,"October 11, 2023",NCT 127,Fact Check,7059,Show Champion,track:Fact Check artist:NCT 127 year:2000-2023
534,496,"October 18, 2023",NCT 127,Fact Check,5082,Show Champion,track:Fact Check artist:NCT 127 year:2000-2023
535,497,"October 25, 2023",Ive,Baddie,4958,Show Champion,track:Baddie artist:Ive year:2000-2023
536,498,"November 1, 2023",Seventeen,God of Music,7061,Show Champion,track:God of Music artist:Seventeen year:2000-2023
537,499,"November 8, 2023",NiziU,Heartris,4149,Show Champion,track:Heartris artist:NiziU year:2000-2023
538,500,"November 15, 2023",Stray Kids,Lalalala,5500,Show Champion,track:Lalalala artist:Stray Kids year:2000-2023
539,501,"December 6, 2023",Ateez,Crazy Form,5051,Show Champion,track:Crazy Form artist:Ateez year:2000-2023
540,503,"January 31, 2024",Evnne,Ugly,4802,Show Champion,track:Ugly artist:Evnne year:2000-2024
541,504,"February 7, 2024",(G)I-dle,Super Lady,6964,Show Champion,track:Super Lady artist:(G)I-dle year:2000-2024
542,505,"February 14, 2024",TWS,Plot Twist,5537,Show Champion,track:Plot Twist artist:TWS year:2000-2024
543,506,"February 21, 2024",TWS,Plot Twist,5384,Show Champion,track:Plot Twist artist:TWS year:2000-2024
544,507,"February 28, 2024",Le Sserafim,Easy,4261,Show Champion,track:Easy artist:Le Sserafim year:2000-2024
545,508,"March 6, 2024",Plave,Way 4 Luv,4462,Show Champion,track:Way 4 Luv artist:Plave year:2000-2024
546,509,"March 13, 2024",NCT Wish,Wish,3891,Show Champion,track:Wish artist:NCT Wish year:2000-2024
547,510,"March 20, 2024",Tempest,Lighthouse,5861,Show Champion,track:Lighthouse artist:Tempest year:2000-2024
548,511,"March 27, 2024",The Boyz,Nectar,5025,Show Champion,track:Nectar artist:The Boyz year:2000-2024
549,512,"April 3, 2024",NCT Dream,Smoothie,7210,Show Champion,track:Smoothie artist:NCT Dream year:2000-2024
550,513,"April 10, 2024",Tomorrow X Together,Deja Vu,4476,Show Champion,track:Deja Vu artist:Tomorrow X Together year:2000-2024
551,514,"April 17, 2024",Illit,Magnetic,4188,Show Champion,track:Magnetic artist:Illit year:2000-2024
552,515,"April 24, 2024",BoyNextDoor,"Earth, Wind & Fire",7009,Show Champion,"track:Earth, Wind & Fire artist:BoyNextDoor year:2000-2024"
553,516,"May 1, 2024",Doyoung,Little Light,5116,Show Champion,track:Little Light artist:Doyoung year:2000-2024
554,517,"May 8, 2024",Seventeen,Maestro,5988,Show Champion,track:Maestro artist:Seventeen year:2000-2024
555,518,"May 22, 2024",Zerobaseone,Feel the Pop,5858,Show Champion,track:Feel the Pop artist:Zerobaseone year:2000-2024
556,519,"May 29, 2024",NewJeans,How Sweet,5759,Show Champion,track:How Sweet artist:NewJeans year:2000-2024
557,520,"June 5, 2024",Aespa,Armageddon,4611,Show Champion,track:Armageddon artist:Aespa year:2000-2024
558,521,"June 12, 2024",Kep1er,Shooting Star,5049,Show Champion,track:Shooting Star artist:Kep1er year:2000-2024
559,522,"June 19, 2024",Nayeon,ABCD,4644,Show Champion,track:ABCD artist:Nayeon year:2000-2024
560,523,"June 26, 2024",Riize,Boom Boom Bass,8098,Show Champion,track:Boom Boom Bass artist:Riize year:2000-2024
561,524,"July 4, 2024",TWS,"If I'm S, Can You Be My N?",7139,Show Champion,"track:If I'm S, Can You Be My N? artist:TWS year:2000-2024"
562,525,"July 10, 2024",NCT Wish,Songbird,4779,Show Champion,track:Songbird artist:NCT Wish year:2000-2024
563,526,"July 17, 2024",Kiss of Life,Sticky,4720,Show Champion,track:Sticky artist:Kiss of Life year:2000-2024
564,527,"July 31, 2024",Stray Kids,Chk Chk Boom,5858,Show Champion,track:Chk Chk Boom artist:Stray Kids year:2000-2024
565,528,"August 7, 2024",Stray Kids,Chk Chk Boom,6998,Show Champion,track:Chk Chk Boom artist:Stray Kids year:2000-2024
566,529,"August 14, 2024",Stray Kids,Chk Chk Boom,7142,Show Champion,track:Chk Chk Boom artist:Stray Kids year:2000-2024
567,531,"September 4, 2024",Zerobaseone,Good So Bad,5794,Show Champion,track:Good So Bad artist:Zerobaseone year:2000-2024
568,532,"September 11, 2024",Le Sserafim,Crazy,4777,Show Champion,track:Crazy artist:Le Sserafim year:2000-2024
569,534,"September 25, 2024",P1Harmony,Sad Song,6219,Show Champion,track:Sad Song artist:P1Harmony year:2000-2024
570,535,"October 2, 2024",Kang Daniel,Electric Shock,4634,Show Champion,track:Electric Shock artist:Kang Daniel year:2000-2024
571,536,"October 9, 2024",QWER,My Name is Malguem,5156,Show Champion,track:My Name is Malguem artist:QWER year:2000-2024
572,537,"October 23, 2024",Seventeen,"Love, Money, Fame",6448,Show Champion,"track:Love, Money, Fame artist:Seventeen year:2000-2024"
573,538,"October 30, 2024",Aespa,Whiplash,6243,Show Champion,track:Whiplash artist:Aespa year:2000-2024
574,539,"November 6, 2024",The Boyz,Trigger,4878,Show Champion,track:Trigger artist:The Boyz year:2000-2024
575,540,"November 13, 2024",Tomorrow X Together,Over the Moon,4992,Show Champion,track:Over the Moon artist:Tomorrow X Together year:2000-2024
576,541,"November 20, 2024",NCT Dream,When I'm With You,7169,Show Champion,track:When I'm With You artist:NCT Dream year:2000-2024
577,542,"December 4, 2024",WayV,Frequency(Korean Ver.),4859,Show Champion,track:Frequency(Korean Ver.) artist:WayV year:2000-2024
578,543,"February 12, 2025",Plave,Dash,6852,Show Champion,track:Dash artist:Plave year:2000-2025
579,544,"February 26, 2025",ONF,The Stranger,6519,Show Champion,track:The Stranger artist:ONF year:2000-2025
580,545,"March 5, 2025",Zerobaseone,Blue,6917,Show Champion,track:Blue artist:Zerobaseone year:2000-2025
581,546,"March 12, 2025",G-Dragon,Too Bad,4892,Show Champion,track:Too Bad artist:G-Dragon year:2000-2025
582,547,"March 19, 2025",Treasure,Yellow,4259,Show Champion,track:Yellow artist:Treasure year:2000-2025
583,548,"March 26, 2025",Nmixx,Know About Me,6865,Show Champion,track:Know About Me artist:Nmixx year:2000-2025
584,549,"April 2, 2025",Jennie,Like Jennie,4543,Show Champion,track:Like Jennie artist:Jennie year:2000-2025
585,550,"April 9, 2025",NiziU,Love Line,4823,Show Champion,track:Love Line artist:NiziU year:2000-2025
586,551,"April 16, 2025",Mark,1999,5592,Show Champion,track:1999 artist:Mark year:2000-2025
587,753,"January 8, 2022",Ive,Eleven,6408,Show! Music Core,track:Eleven artist:Ive year:2000-2022
588,754,"January 15, 2022",Ive,Eleven,6532,Show! Music Core,track:Eleven artist:Ive year:2000-2022
589,755,"January 22, 2022",Ive,Eleven,6600,Show! Music Core,track:Eleven artist:Ive year:2000-2022
590,756,"February 26, 2022",Taeyeon,INVU,7277,Show! Music Core,track:INVU artist:Taeyeon year:2000-2022
591,757,"March 5, 2022",Taeyeon,INVU,6379,Show! Music Core,track:INVU artist:Taeyeon year:2000-2022
592,758,"March 12, 2022",Taeyeon,INVU,7180,Show! Music Core,track:INVU artist:Taeyeon year:2000-2022
593,759,"March 19, 2022",Taeyeon,INVU,7287,Show! Music Core,track:INVU artist:Taeyeon year:2000-2022
594,760,"March 26, 2022",(G)I-dle,Tomboy,7588,Show! Music Core,track:Tomboy artist:(G)I-dle year:2000-2022
595,761,"April 9, 2022",NCT Dream,Glitch Mode,9300,Show! Music Core,track:Glitch Mode artist:NCT Dream year:2000-2022
596,762,"April 23, 2022",Big Bang,Still Life,7165,Show! Music Core,track:Still Life artist:Big Bang year:2000-2022
597,763,"April 30, 2022",Big Bang,Still Life,7883,Show! Music Core,track:Still Life artist:Big Bang year:2000-2022
598,764,"May 7, 2022",Big Bang,Still Life,6551,Show! Music Core,track:Still Life artist:Big Bang year:2000-2022
599,765,"May 14, 2022",Lim Young-woong,If We Ever Meet Again,7885,Show! Music Core,track:If We Ever Meet Again artist:Lim Young-woong year:2000-2022
600,766,"May 21, 2022",Psy,That That,6586,Show! Music Core,track:That That artist:Psy year:2000-2022
601,767,"June 4, 2022",Kang Daniel,Upside Down,7820,Show! Music Core,track:Upside Down artist:Kang Daniel year:2000-2022
602,768,"June 11, 2022",NCT Dream,Beatbox,9800,Show! Music Core,track:Beatbox artist:NCT Dream year:2000-2022
603,769,"June 25, 2022",BTS,Yet to Come,7415,Show! Music Core,track:Yet to Come artist:BTS year:2000-2022
604,770,"July 2, 2022",Lim Young-woong,If We Ever Meet Again,6678,Show! Music Core,track:If We Ever Meet Again artist:Lim Young-woong year:2000-2022
605,771,"July 9, 2022",Fromis 9,Stay This Way,8242,Show! Music Core,track:Stay This Way artist:Fromis 9 year:2000-2022
606,772,"July 16, 2022",Nayeon,Pop!,7022,Show! Music Core,track:Pop! artist:Nayeon year:2000-2022
607,773,"July 23, 2022",WSG Wannabe (Gaya-G),At That Moment,6153,Show! Music Core,track:At That Moment artist:WSG Wannabe (Gaya-G) year:2000-2022
608,774,"August 6, 2022",WSG Wannabe (Gaya-G),At That Moment,6378,Show! Music Core,track:At That Moment artist:WSG Wannabe (Gaya-G) year:2000-2022
609,776,"August 20, 2022",NewJeans,Attention,7495,Show! Music Core,track:Attention artist:NewJeans year:2000-2022
610,777,"August 27, 2022",The Boyz,Whisper,6197,Show! Music Core,track:Whisper artist:The Boyz year:2000-2022
611,778,"September 3, 2022",Ive,After Like,9191,Show! Music Core,track:After Like artist:Ive year:2000-2022
612,779,"September 17, 2022",Ive,After Like,7807,Show! Music Core,track:After Like artist:Ive year:2000-2022
613,780,"September 24, 2022",Ive,After Like,6935,Show! Music Core,track:After Like artist:Ive year:2000-2022
614,781,"October 1, 2022",NCT 127,2 Baddies,6638,Show! Music Core,track:2 Baddies artist:NCT 127 year:2000-2022
615,782,"October 8, 2022",Blackpink,Shut Down,7472,Show! Music Core,track:Shut Down artist:Blackpink year:2000-2022
616,783,"October 22, 2022",Ive,After Like,6672,Show! Music Core,track:After Like artist:Ive year:2000-2022
617,784,"October 29, 2022",(G)I-dle,Nxde,9081,Show! Music Core,track:Nxde artist:(G)I-dle year:2000-2022
618,785,"November 12, 2022",(G)I-dle,Nxde,7684,Show! Music Core,track:Nxde artist:(G)I-dle year:2000-2022
619,786,"November 19, 2022",(G)I-dle,Nxde,6191,Show! Music Core,track:Nxde artist:(G)I-dle year:2000-2022
620,787,"November 26, 2022",Lim Young-woong,London Boy,7060,Show! Music Core,track:London Boy artist:Lim Young-woong year:2000-2022
621,788,"December 3, 2022",Le Sserafim,Antifragile,6384,Show! Music Core,track:Antifragile artist:Le Sserafim year:2000-2022
622,789,"December 10, 2022",Le Sserafim,Antifragile,6017,Show! Music Core,track:Antifragile artist:Le Sserafim year:2000-2022
623,790,"December 17, 2022",Le Sserafim,Antifragile,6396,Show! Music Core,track:Antifragile artist:Le Sserafim year:2000-2022
624,792,"January 7, 2023",NewJeans,Ditto,5843,Show! Music Core,track:Ditto artist:NewJeans year:2000-2023
625,793,"January 14, 2023",NewJeans,Ditto,7002,Show! Music Core,track:Ditto artist:NewJeans year:2000-2023
626,794,"January 28, 2023",NewJeans,Ditto,6758,Show! Music Core,track:Ditto artist:NewJeans year:2000-2023
627,795,"February 4, 2023",NewJeans,Ditto,5690,Show! Music Core,track:Ditto artist:NewJeans year:2000-2023
628,796,"February 11, 2023",NCT 127,Ay-Yo,8979,Show! Music Core,track:Ay-Yo artist:NCT 127 year:2000-2023
629,797,"February 18, 2023",BSS,Fighting,7474,Show! Music Core,track:Fighting artist:BSS year:2000-2023
630,798,"February 25, 2023",BSS,Fighting,5809,Show! Music Core,track:Fighting artist:BSS year:2000-2023
631,799,"March 4, 2023",The Boyz,Roar,9401,Show! Music Core,track:Roar artist:The Boyz year:2000-2023
632,800,"March 11, 2023",STAYC,Teddy Bear,7514,Show! Music Core,track:Teddy Bear artist:STAYC year:2000-2023
633,801,"March 18, 2023",Onew,O (Circle),6590,Show! Music Core,track:O (Circle) artist:Onew year:2000-2023
634,802,"March 25, 2023",Kai,Rover,5952,Show! Music Core,track:Rover artist:Kai year:2000-2023
635,803,"April 8, 2023",Ive,Kitsch,7654,Show! Music Core,track:Kitsch artist:Ive year:2000-2023
636,804,"April 15, 2023",Jisoo,Flower,7521,Show! Music Core,track:Flower artist:Jisoo year:2000-2023
637,805,"April 22, 2023",Ive,I Am,9668,Show! Music Core,track:I Am artist:Ive year:2000-2023
638,806,"April 29, 2023",NCT DoJaeJung,Perfume,6600,Show! Music Core,track:Perfume artist:NCT DoJaeJung year:2000-2023
639,807,"May 6, 2023",Seventeen,Super,7805,Show! Music Core,track:Super artist:Seventeen year:2000-2023
640,808,"May 13, 2023",Le Sserafim,Unforgiven,7172,Show! Music Core,track:Unforgiven artist:Le Sserafim year:2000-2023
641,809,"May 20, 2023",Aespa,Spicy,7511,Show! Music Core,track:Spicy artist:Aespa year:2000-2023
642,810,"May 27, 2023",(G)I-dle,Queencard,7757,Show! Music Core,track:Queencard artist:(G)I-dle year:2000-2023
643,811,"June 3, 2023",(G)I-dle,Queencard,8133,Show! Music Core,track:Queencard artist:(G)I-dle year:2000-2023
644,812,"June 10, 2023",(G)I-dle,Queencard,6460,Show! Music Core,track:Queencard artist:(G)I-dle year:2000-2023
645,813,"June 17, 2023",Lim Young-woong,Grain of Sand,6519,Show! Music Core,track:Grain of Sand artist:Lim Young-woong year:2000-2023
646,814,"June 24, 2023",(G)I-dle,Queencard,6369,Show! Music Core,track:Queencard artist:(G)I-dle year:2000-2023
647,815,"July 1, 2023",(G)I-dle,Queencard,7504,Show! Music Core,track:Queencard artist:(G)I-dle year:2000-2023
648,816,"July 8, 2023",Shinee,Hard,9196,Show! Music Core,track:Hard artist:Shinee year:2000-2023
649,817,"July 15, 2023",Lim Young-woong,Grain of Sand,6619,Show! Music Core,track:Grain of Sand artist:Lim Young-woong year:2000-2023
650,818,"July 22, 2023",NewJeans,Super Shy,6078,Show! Music Core,track:Super Shy artist:NewJeans year:2000-2023
651,819,"July 29, 2023",NCT Dream,ISTJ,9420,Show! Music Core,track:ISTJ artist:NCT Dream year:2000-2023
652,820,"August 5, 2023",Jung Kook,Seven,6689,Show! Music Core,track:Seven artist:Jung Kook year:2000-2023
653,823,"August 26, 2023",Jung Kook,Seven,6832,Show! Music Core,track:Seven artist:Jung Kook year:2000-2023
654,824,"September 2, 2023",Jung Kook,Seven,6671,Show! Music Core,track:Seven artist:Jung Kook year:2000-2023
655,825,"September 9, 2023",Jung Kook,Seven,7026,Show! Music Core,track:Seven artist:Jung Kook year:2000-2023
656,826,"September 16, 2023",AKMU,Love Lee,6315,Show! Music Core,track:Love Lee artist:AKMU year:2000-2023
657,827,"September 23, 2023",AKMU,Love Lee,5637,Show! Music Core,track:Love Lee artist:AKMU year:2000-2023
658,828,"October 14, 2023",NCT 127,Fact Check,8804,Show! Music Core,track:Fact Check artist:NCT 127 year:2000-2023
659,829,"October 21, 2023",Lim Young-woong,Do or Die,7246,Show! Music Core,track:Do or Die artist:Lim Young-woong year:2000-2023
660,830,"October 28, 2023",Lim Young-woong,Do or Die,6798,Show! Music Core,track:Do or Die artist:Lim Young-woong year:2000-2023
661,831,"November 4, 2023",Seventeen,God of Music,9096,Show! Music Core,track:God of Music artist:Seventeen year:2000-2023
662,832,"November 11, 2023",Taemin,Guilty,6420,Show! Music Core,track:Guilty artist:Taemin year:2000-2023
663,833,"November 18, 2023",Stray Kids,Lalalala,6901,Show! Music Core,track:Lalalala artist:Stray Kids year:2000-2023
664,834,"November 25, 2023",Red Velvet,Chill Kill,7137,Show! Music Core,track:Chill Kill artist:Red Velvet year:2000-2023
665,835,"December 2, 2023",The Boyz,Watch It,7129,Show! Music Core,track:Watch It artist:The Boyz year:2000-2023
666,836,"December 9, 2023",Le Sserafim,Perfect Night,6034,Show! Music Core,track:Perfect Night artist:Le Sserafim year:2000-2023
667,837,"December 16, 2023",Le Sserafim,Perfect Night,6863,Show! Music Core,track:Perfect Night artist:Le Sserafim year:2000-2023
668,838,"January 13, 2024",Taeyeon,To. X,7225,Show! Music Core,track:To. X artist:Taeyeon year:2000-2024
669,839,"January 20, 2024",Taeyeon,To. X,6120,Show! Music Core,track:To. X artist:Taeyeon year:2000-2024
670,840,"January 27, 2024",Taeyeon,To. X,6186,Show! Music Core,track:To. X artist:Taeyeon year:2000-2024
671,841,"February 3, 2024",IU,Love Wins All,7290,Show! Music Core,track:Love Wins All artist:IU year:2000-2024
672,842,"February 17, 2024",IU,Love Wins All,6428,Show! Music Core,track:Love Wins All artist:IU year:2000-2024
673,843,"February 24, 2024",IU,Love Wins All,6382,Show! Music Core,track:Love Wins All artist:IU year:2000-2024
674,844,"March 2, 2024",Le Sserafim,Easy,6859,Show! Music Core,track:Easy artist:Le Sserafim year:2000-2024
675,845,"March 9, 2024",Plave,Way 4 Luv,6271,Show! Music Core,track:Way 4 Luv artist:Plave year:2000-2024
676,846,"March 16, 2024",Bibi,Bam Yang Gang,6159,Show! Music Core,track:Bam Yang Gang artist:Bibi year:2000-2024
677,847,"March 30, 2024",The Boyz,Nectar,5962,Show! Music Core,track:Nectar artist:The Boyz year:2000-2024
678,848,"April 6, 2024",NCT Dream,Smoothie,8788,Show! Music Core,track:Smoothie artist:NCT Dream year:2000-2024
679,849,"April 13, 2024",Illit,Magnetic,6307,Show! Music Core,track:Magnetic artist:Illit year:2000-2024
680,850,"April 20, 2024",Illit,Magnetic,6503,Show! Music Core,track:Magnetic artist:Illit year:2000-2024
681,851,"April 27, 2024",Illit,Magnetic,6067,Show! Music Core,track:Magnetic artist:Illit year:2000-2024
682,852,"May 4, 2024",Lee Chan-won,하늘 여행,7760,Show! Music Core,track:하늘 여행 artist:Lee Chan-won year:2000-2024
683,853,"May 11, 2024",Seventeen,Maestro,9278 ,Show! Music Core,track:Maestro artist:Seventeen year:2000-2024
684,854,"May 18, 2024",Lim Young-woong,Warmth,6825,Show! Music Core,track:Warmth artist:Lim Young-woong year:2000-2024
685,855,"May 25, 2024",Aespa,Supernova,7167,Show! Music Core,track:Supernova artist:Aespa year:2000-2024
686,856,"June 1, 2024",Aespa,Supernova,8200,Show! Music Core,track:Supernova artist:Aespa year:2000-2024
687,857,"June 8, 2024",NewJeans,How Sweet,6837,Show! Music Core,track:How Sweet artist:NewJeans year:2000-2024
688,858,"June 15, 2024",NewJeans,How Sweet,6872,Show! Music Core,track:How Sweet artist:NewJeans year:2000-2024
689,859,"June 22, 2024",NewJeans,How Sweet,7125,Show! Music Core,track:How Sweet artist:NewJeans year:2000-2024
690,860,"July 6, 2024",Lee Young-ji,Small Girl,6286,Show! Music Core,track:Small Girl artist:Lee Young-ji year:2000-2024
691,862,"July 13, 2024",Lee Young-ji,Small Girl,5821,Show! Music Core,track:Small Girl artist:Lee Young-ji year:2000-2024
692,863,"July 20, 2024",Lee Young-ji,Small Girl,5723,Show! Music Core,track:Small Girl artist:Lee Young-ji year:2000-2024
693,864,"August 10, 2024",NCT 127,Walk,7089,Show! Music Core,track:Walk artist:NCT 127 year:2000-2024
694,866,"August 24, 2024",Fromis 9,Supersonic,8757,Show! Music Core,track:Supersonic artist:Fromis 9 year:2000-2024
695,867,"August 31, 2024",Plave,Pump Up the Volume,7576,Show! Music Core,track:Pump Up the Volume artist:Plave year:2000-2024
696,868,"September 7, 2024",Jaehyun,Smoke,6806,Show! Music Core,track:Smoke artist:Jaehyun year:2000-2024
697,869,"September 14, 2024",Day6,Melt Down,7093,Show! Music Core,track:Melt Down artist:Day6 year:2000-2024
698,870,"September 21, 2024",Day6,Melt Down,6634,Show! Music Core,track:Melt Down artist:Day6 year:2000-2024
699,871,"September 28, 2024",Day6,Melt Down,7100,Show! Music Core,track:Melt Down artist:Day6 year:2000-2024
700,872,"October 5, 2024",Key,Pleasure Shop,8344,Show! Music Core,track:Pleasure Shop artist:Key year:2000-2024
701,873,"October 12, 2024",QWER,My Name is Malguem,7671,Show! Music Core,track:My Name is Malguem artist:QWER year:2000-2024
702,874,"October 19, 2024",Aespa,Up,6698,Show! Music Core,track:Up artist:Aespa year:2000-2024
703,875,"October 26, 2024",Seventeen,"Love, Money, Fame",9153,Show! Music Core,"track:Love, Money, Fame artist:Seventeen year:2000-2024"
704,876,"November 2, 2024",Rosé&Bruno Mars,Apt.,7010,Show! Music Core,track:Apt. artist:Rosé&Bruno Mars year:2000-2024
705,877,"November 9, 2024",Rosé&Bruno Mars,Apt.,6707,Show! Music Core,track:Apt. artist:Rosé&Bruno Mars year:2000-2024
706,878,"November 16, 2024",Rosé&Bruno Mars,Apt.,7487,Show! Music Core,track:Apt. artist:Rosé&Bruno Mars year:2000-2024
707,879,"November 23, 2024",NCT Dream,When I'm With You,6705,Show! Music Core,track:When I'm With You artist:NCT Dream year:2000-2024
708,880,"November 30, 2024",Aespa,Whiplash,6955,Show! Music Core,track:Whiplash artist:Aespa year:2000-2024
709,882,"December 21, 2024",G-Dragon,Home Sweet Home,6925,Show! Music Core,track:Home Sweet Home artist:G-Dragon year:2000-2024
710,884,"January 11, 2025",G-Dragon,Home Sweet Home,6918,Show! Music Core,track:Home Sweet Home artist:G-Dragon year:2000-2025
711,885,"January 18, 2025",G-Dragon,Home Sweet Home,6581,Show! Music Core,track:Home Sweet Home artist:G-Dragon year:2000-2025
712,886,"January 25, 2025",Ive,Rebel Heart,8341,Show! Music Core,track:Rebel Heart artist:Ive year:2000-2025
713,887,"February 8, 2025",Ive,Rebel Heart,7347,Show! Music Core,track:Rebel Heart artist:Ive year:2000-2025
714,888,"February 15, 2025",Plave,Dash,9571 ,Show! Music Core,track:Dash artist:Plave year:2000-2025
715,889,"February 22, 2025",Ive,Rebel Heart,5937,Show! Music Core,track:Rebel Heart artist:Ive year:2000-2025
716,890,"March 1, 2025",Ive,Attitude,6169,Show! Music Core,track:Attitude artist:Ive year:2000-2025
717,891,"March 8, 2025",G-Dragon,Too Bad,7465,Show! Music Core,track:Too Bad artist:G-Dragon year:2000-2025
718,892,"March 15, 2025",G-Dragon,Too Bad,7864,Show! Music Core,track:Too Bad artist:G-Dragon year:2000-2025
719,893,"March 29, 2025",G-Dragon,Too Bad,6893,Show! Music Core,track:Too Bad artist:G-Dragon year:2000-2025
720,894,"April 5, 2025",KiiiKiii,I Do Me,5936,Show! Music Core,track:I Do Me artist:KiiiKiii year:2000-2025
721,895,"April 12, 2025",Jennie,Like Jennie,6095,Show! Music Core,track:Like Jennie artist:Jennie year:2000-2025
722,896,"April 19, 2025",Mark,1999,7159,Show! Music Core,track:1999 artist:Mark year:2000-2025
723,285,"January 25, 2022",Fromis 9,DM,8353,The Show,track:DM artist:Fromis 9 year:2000-2022
724,286,"February 22, 2022",Apink,Dilemma,9700,The Show,track:Dilemma artist:Apink year:2000-2022
725,287,"March 1, 2022",STAYC,Run2U,8261,The Show,track:Run2U artist:STAYC year:2000-2022
726,288,"March 8, 2022",STAYC,Run2U,7669,The Show,track:Run2U artist:STAYC year:2000-2022
727,289,"March 22, 2022",(G)I-dle,Tomboy,7970,The Show,track:Tomboy artist:(G)I-dle year:2000-2022
728,290,"March 29, 2022",Highlight,Daydream,8650,The Show,track:Daydream artist:Highlight year:2000-2022
729,291,"April 5, 2022",Oh My Girl,Real Love,8881,The Show,track:Real Love artist:Oh My Girl year:2000-2022
730,292,"April 12, 2022",Ive,Love Dive,9400,The Show,track:Love Dive artist:Ive year:2000-2022
731,293,"April 19, 2022",Ive,Love Dive,8184,The Show,track:Love Dive artist:Ive year:2000-2022
732,294,"April 26, 2022",Dreamcatcher,Maison,7914,The Show,track:Maison artist:Dreamcatcher year:2000-2022
733,295,"May 3, 2022",Miyeon,Drive,6944,The Show,track:Drive artist:Miyeon year:2000-2022
734,296,"May 10, 2022",Le Sserafim,Fearless,8456,The Show,track:Fearless artist:Le Sserafim year:2000-2022
735,297,"May 17, 2022",Le Sserafim,Fearless,9670,The Show,track:Fearless artist:Le Sserafim year:2000-2022
736,298,"May 24, 2022",Astro,Candy Sugar Pop,8970,The Show,track:Candy Sugar Pop artist:Astro year:2000-2022
737,299,"June 7, 2022",Jo Yuri,Love Shhh!,6489,The Show,track:Love Shhh! artist:Jo Yuri year:2000-2022
738,300,"June 28, 2022",Loona,Flip That,8200,The Show,track:Flip That artist:Loona year:2000-2022
739,301,"July 5, 2022",Fromis 9,Stay This Way,8270,The Show,track:Stay This Way artist:Fromis 9 year:2000-2022
740,302,"July 12, 2022",Enhypen,Future Perfect,7200,The Show,track:Future Perfect artist:Enhypen year:2000-2022
741,303,"July 19, 2022",Chungha,Sparkling,6984,The Show,track:Sparkling artist:Chungha year:2000-2022
742,304,"July 26, 2022",STAYC,Beautiful Monster,8369,The Show,track:Beautiful Monster artist:STAYC year:2000-2022
743,305,"August 2, 2022",Ateez,Guerrilla,7200,The Show,track:Guerrilla artist:Ateez year:2000-2022
744,306,"August 9, 2022",Ateez,Guerrilla,8640,The Show,track:Guerrilla artist:Ateez year:2000-2022
745,307,"August 30, 2022",Ive,After Like,8734,The Show,track:After Like artist:Ive year:2000-2022
746,308,"September 6, 2022",Ive,After Like,7403,The Show,track:After Like artist:Ive year:2000-2022
747,309,"September 13, 2022",Oneus,Same Scent,7950,The Show,track:Same Scent artist:Oneus year:2000-2022
748,310,"September 20, 2022",Oneus,Same Scent,9370,The Show,track:Same Scent artist:Oneus year:2000-2022
749,311,"October 4, 2022",Cravity,Party Rock,9110,The Show,track:Party Rock artist:Cravity year:2000-2022
750,312,"October 18, 2022",DKZ,Uh-Heung,8530,The Show,track:Uh-Heung artist:DKZ year:2000-2022
751,313,"October 25, 2022",(G)I-dle,Nxde,8551,The Show,track:Nxde artist:(G)I-dle year:2000-2022
752,314,"November 15, 2022",Highlight,Alone,9170,The Show,track:Alone artist:Highlight year:2000-2022
753,315,"November 22, 2022",YooA,Selfish,7227,The Show,track:Selfish artist:YooA year:2000-2022
754,316,"February 21, 2023",STAYC,Teddy Bear,9360,The Show,track:Teddy Bear artist:STAYC year:2000-2023
755,317,"February 28, 2023",Lee Chan-won,풍등,7310,The Show,track:풍등 artist:Lee Chan-won year:2000-2023
756,318,"March 14, 2023",Cravity,Groovy,8550,The Show,track:Groovy artist:Cravity year:2000-2023
757,320,"March 28, 2023",Kim Jae-hwan,Spring Breeze,8830,The Show,track:Spring Breeze artist:Kim Jae-hwan year:2000-2023
758,321,"April 4, 2023",Billlie,Eunoia,9260,The Show,track:Eunoia artist:Billlie year:2000-2023
759,322,"April 18, 2023",Ive,I Am,7454,The Show,track:I Am artist:Ive year:2000-2023
760,323,"April 25, 2023",Lee Gi-kwang,Predator,8021,The Show,track:Predator artist:Lee Gi-kwang year:2000-2023
761,324,"May 9, 2023",Le Sserafim,Unforgiven,9340,The Show,track:Unforgiven artist:Le Sserafim year:2000-2023
762,325,"May 16, 2023",Oneus,Erase Me,6690,The Show,track:Erase Me artist:Oneus year:2000-2023
763,326,"May 23, 2023",(G)I-dle,Queencard,8157,The Show,track:Queencard artist:(G)I-dle year:2000-2023
764,327,"May 30, 2023",Dreamcatcher,BONVOYAGE,9030,The Show,track:BONVOYAGE artist:Dreamcatcher year:2000-2023
765,328,"June 6, 2023",AB6IX,Loser,8300,The Show,track:Loser artist:AB6IX year:2000-2023
766,329,"June 13, 2023",Fromis 9,#menow,8700,The Show,track:#menow artist:Fromis 9 year:2000-2023
767,330,"June 20, 2023",Ateez,Bouncy (K-Hot Chilli Peppers),7220,The Show,track:Bouncy (K-Hot Chilli Peppers) artist:Ateez year:2000-2023
768,331,"June 27, 2023",Ateez,Bouncy (K-Hot Chilli Peppers),9590,The Show,track:Bouncy (K-Hot Chilli Peppers) artist:Ateez year:2000-2023
769,332,"July 4, 2023",Han Seung-woo,Dive Into,7390,The Show,track:Dive Into artist:Han Seung-woo year:2000-2023
770,333,"July 18, 2023",Zerobaseone,In Bloom,9350,The Show,track:In Bloom artist:Zerobaseone year:2000-2023
771,334,"July 25, 2023",Zerobaseone,In Bloom,8480,The Show,track:In Bloom artist:Zerobaseone year:2000-2023
772,335,"August 1, 2023",Oh My Girl,Summer Comes,9260,The Show,track:Summer Comes artist:Oh My Girl year:2000-2023
773,336,"August 8, 2023",Kwon Eunbi,The Flash,6960,The Show,track:The Flash artist:Kwon Eunbi year:2000-2023
774,337,"August 15, 2023",Jo Yuri,Taxi,7173,The Show,track:Taxi artist:Jo Yuri year:2000-2023
775,338,"August 29, 2023",STAYC,Bubble,7285,The Show,track:Bubble artist:STAYC year:2000-2023
776,339,"September 5, 2023",H1-Key,Seoul (Such a Beautiful City),6082,The Show,track:Seoul (Such a Beautiful City) artist:H1-Key year:2000-2023
777,340,"September 12, 2023",BoyNextDoor,But Sometimes,9080,The Show,track:But Sometimes artist:BoyNextDoor year:2000-2023
778,341,"September 19, 2023",Jaechan,Hello,7180,The Show,track:Hello artist:Jaechan year:2000-2023
779,342,"October 10, 2023",Oneus,Baila Conmigo,8710,The Show,track:Baila Conmigo artist:Oneus year:2000-2023
780,343,"February 20, 2024",TWS,Plot Twist,5876,The Show,track:Plot Twist artist:TWS year:2000-2024
781,344,"March 5, 2024",Cravity,Love or Die,9330,The Show,track:Love or Die artist:Cravity year:2000-2024
782,345,"March 12, 2024",NCT Wish,Wish,7241,The Show,track:Wish artist:NCT Wish year:2000-2024
783,346,"March 19, 2024",Highlight,Body,8810,The Show,track:Body artist:Highlight year:2000-2024
784,347,"April 2, 2024",Illit,Magnetic,6904,The Show,track:Magnetic artist:Illit year:2000-2024
785,348,"April 9, 2024",Illit,Magnetic,8990,The Show,track:Magnetic artist:Illit year:2000-2024
786,349,"April 16, 2024",ONF,Bye My Monster,7490,The Show,track:Bye My Monster artist:ONF year:2000-2024
787,350,"April 23, 2024",BoyNextDoor,"Earth, Wind & Fire",9200,The Show,"track:Earth, Wind & Fire artist:BoyNextDoor year:2000-2024"
788,351,"May 7, 2024",Solar,But I,7270,The Show,track:But I artist:Solar year:2000-2024
789,352,"May 14, 2024",TripleS,Girls Never Die,7200,The Show,track:Girls Never Die artist:TripleS year:2000-2024
790,353,"May 21, 2024",Zerobaseone,Feel the Pop,8750,The Show,track:Feel the Pop artist:Zerobaseone year:2000-2024
791,354,"May 28, 2024",Zerobaseone,Feel the Pop,7430,The Show,track:Feel the Pop artist:Zerobaseone year:2000-2024
792,355,"June 4, 2024",Ateez,Work,9380,The Show,track:Work artist:Ateez year:2000-2024
793,356,"June 11, 2024",WayV,Give Me That,7270,The Show,track:Give Me That artist:WayV year:2000-2024
794,357,"June 25, 2024",Riize,Boom Boom Bass,9320,The Show,track:Boom Boom Bass artist:Riize year:2000-2024
795,358,"July 2, 2024",TWS,"If I'm S, Can You Be My N?",9480,The Show,"track:If I'm S, Can You Be My N? artist:TWS year:2000-2024"
796,359,"July 9, 2024",Kiss of Life,Sticky,7900,The Show,track:Sticky artist:Kiss of Life year:2000-2024
797,361,"August 20, 2024",Fromis 9,Supersonic,9210,The Show,track:Supersonic artist:Fromis 9 year:2000-2024
798,362,"August 27, 2024",SF9,"Don't Worry, Be Happy",7190,The Show,"track:Don't Worry, Be Happy artist:SF9 year:2000-2024"
799,363,"September 3, 2024",Zerobaseone,Good So Bad,9350,The Show,track:Good So Bad artist:Zerobaseone year:2000-2024
800,364,"September 24, 2024",P1Harmony,Sad Song,7049,The Show,track:Sad Song artist:P1Harmony year:2000-2024
801,366,"October 29, 2024",Kiss of Life,Get Loud,6552,The Show,track:Get Loud artist:Kiss of Life year:2000-2024
802,367,"November 5, 2024",TripleS,Hit the Floor,6900,The Show,track:Hit the Floor artist:TripleS year:2000-2024
803,368,"November 12, 2024",Kep1er,Tipi-tap,7680,The Show,track:Tipi-tap artist:Kep1er year:2000-2024
804,369,"December 3, 2024",WayV,Frequency,7920,The Show,track:Frequency artist:WayV year:2000-2024
805,370,"March 4, 2025",Zerobaseone,Blue,9570,The Show,track:Blue artist:Zerobaseone year:2000-2025
806,371,"March 11, 2025",Hearts2Hearts,The Chase,8500,The Show,track:The Chase artist:Hearts2Hearts year:2000-2025
807,372,"March 25, 2025",STAYC,Bebe,7421,The Show,track:Bebe artist:STAYC year:2000-2025
808,373,"April 1, 2025",Ten,Stunner,8600,The Show,track:Stunner artist:Ten year:2000-2025
809,374,"April 8, 2025",Close Your Eyes,All My Poetry,8605,The Show,track:All My Poetry artist:Close Your Eyes year:2000-2025
810,375,"April 15, 2025",Izna,Sign,8450,The Show,track:Sign artist:Izna year:2000-2025
